protocol,dst_port,flow_duration_ms,total_fwd_packets,total_bwd_packets,total_fwd_bytes,total_bwd_bytes,fwd_pkt_len_mean,bwd_pkt_len_mean,flow_bytes_per_sec,flow_pkts_per_sec,flow_iat_mean_ms,syn_flag_count,label
6.0000,8080.0000,264.9242,4747.0000,0.0000,94198.0000,148.0000,54.2085,0.0000,202567.8299,38342.5003,0.8765,2407.0000,1
17.0000,53.0000,33808.2354,28.0000,5.0000,3675.0000,927.0000,93.8166,146.5513,116.6180,1.3508,3937.9542,5.0000,1
6.0000,8080.0000,1364.3577,2868.0000,2.0000,75009.0000,57.0000,48.6789,0.0000,181577.4662,22908.7022,0.3148,2459.0000,1
17.0000,53.0000,75304.6752,28.0000,11.0000,1113.0000,621.0000,88.9928,99.9762,49.4932,1.5730,7261.5043,2.0000,1
17.0000,5353.0000,3008.7617,10.0000,6.0000,1530.9520,2502.4119,153.0952,417.0687,1340.5395,5.3178,188.0476,0.0000,0
6.0000,8080.0000,3063.9670,11.0000,11.0000,2640.0119,2157.9197,240.0011,196.1745,1565.9214,7.1802,139.2712,0.0000,0
6.0000,80.0000,56635.0986,15.0000,12.0000,2270.0000,929.0000,50.5520,87.7389,241.0054,0.1095,4296.7586,2.0000,1
6.0000,262.0000,1747.1030,771.0000,24.0000,43550.0000,2672.0000,50.8555,17.9856,36586.7326,315.6513,39.0399,983.0000,1
6.0000,53.0000,1263.3058,8.0000,13.0000,1703.3388,5972.9326,212.9173,459.4564,6076.3365,16.6231,60.1574,0.0000,0
17.0000,80.0000,4620.7079,15.0000,8.0000,2538.9600,2821.4937,169.2640,352.6867,1160.0936,4.9776,200.9003,1.0000,0
17.0000,443.0000,23730.1358,14.0000,8.0000,4173.7171,2225.3089,298.1226,278.1636,269.6582,0.9271,1078.6425,0.0000,0
6.0000,80.0000,4836.1786,473.0000,21.0000,246851.0000,4079.0000,585.3331,54.5967,170433.4371,38.0336,75.7588,4.0000,1
6.0000,23.0000,27345.9545,36.0000,20.0000,9955.0000,4739.0000,106.1095,84.5456,3340.7362,11.3062,921.9776,22.0000,1
6.0000,8080.0000,1173.8239,2542.0000,4.0000,118766.0000,379.0000,59.5288,0.0000,298904.6052,49168.6356,0.3089,987.0000,1
6.0000,443.0000,6169.4398,113.0000,16.0000,363351.0000,5024.0000,529.9321,64.6196,131434.2375,47.2522,59.5300,1.0000,1
6.0000,80.0000,12437.5261,12.0000,5.0000,2522.8863,2331.2105,210.2405,466.2421,390.2783,1.3668,731.6192,1.0000,0
6.0000,5353.0000,1276.4682,7.0000,9.0000,1627.9260,1671.8718,232.5609,185.7635,2585.0999,12.5346,79.7793,1.0000,0
6.0000,290.0000,8932.1331,443.0000,38.0000,26553.0000,2826.0000,43.9241,4.0327,43347.1236,113.9511,32.9697,843.0000,1
17.0000,5353.0000,205.3076,8.0000,7.0000,1471.8707,2517.9489,183.9838,359.7070,19433.3706,73.0611,13.6872,0.0000,0
6.0000,1883.0000,2666.6449,9.0000,4.0000,1335.0227,1904.8120,148.3359,476.2030,1214.9479,4.8750,205.1265,0.0000,0
6.0000,160.0000,5863.0857,307.0000,4.0000,39075.0000,4208.0000,41.1688,14.4470,39872.2961,105.5118,3.6325,115.0000,1
17.0000,5353.0000,2216.2157,13.0000,12.0000,2727.0685,2071.6112,209.7745,172.6343,2165.2584,11.2805,88.6486,0.0000,0
17.0000,1883.0000,5310.1776,6.0000,7.0000,1156.4208,2031.6621,192.7368,290.2374,600.3722,2.4481,408.4752,0.0000,0
6.0000,8443.0000,7460.8695,122.0000,14.0000,443999.0000,8422.0000,1053.3859,49.6664,167995.2267,12.8354,37.7237,4.0000,1
6.0000,80.0000,6133.9103,12.0000,9.0000,2432.7870,3392.9704,202.7323,376.9967,949.7624,3.4236,292.0910,0.0000,0
17.0000,5353.0000,2481.0071,9.0000,8.0000,1284.5067,3485.7230,142.7230,435.7154,1922.6989,6.8521,145.9416,1.0000,0
6.0000,8080.0000,18401.1362,12.0000,11.0000,2649.0576,2201.5716,220.7548,200.1429,263.6049,1.2499,800.0494,1.0000,0
17.0000,443.0000,1994.0250,14.0000,5.0000,2563.3555,1307.0581,183.0968,261.4116,1941.0056,9.5285,104.9487,1.0000,0
17.0000,80.0000,210.5191,18.0000,8.0000,4780.8189,3398.6793,265.6011,424.8349,38853.9464,123.5042,8.0969,1.0000,0
6.0000,80.0000,4053.3279,170.0000,18.0000,258463.0000,4220.0000,503.2620,68.5940,63345.6661,92.2779,97.9267,4.0000,1
6.0000,4444.0000,64633.7694,5.0000,26.0000,4394.0000,1612.0000,94.1749,57.1001,249.6898,1.6104,2313.1297,6.0000,1
6.0000,23.0000,18758.5439,79.0000,59.0000,3388.0000,3686.0000,175.6613,57.3038,1230.5692,8.1385,663.3280,26.0000,1
6.0000,53.0000,632.2052,9.0000,8.0000,2446.2111,2741.4524,271.8012,342.6816,8205.6635,26.8900,37.1885,1.0000,0
6.0000,289.0000,3494.7372,929.0000,40.0000,22444.0000,3476.0000,43.9664,10.8961,23687.6822,150.7986,37.8374,326.0000,1
6.0000,443.0000,1144.4891,144.0000,25.0000,293322.0000,6349.0000,832.8717,69.8940,143130.2848,13.2529,19.5526,1.0000,1
6.0000,2323.0000,319.9313,4026.0000,3.0000,66200.0000,112.0000,50.1904,0.0000,129736.2252,6812.6258,0.7093,1206.0000,1
6.0000,8080.0000,6515.9240,7.0000,8.0000,1279.7800,560.4601,182.8257,70.0575,282.4220,2.3021,434.3949,0.0000,0
6.0000,1883.0000,2686.2927,11.0000,9.0000,2456.6737,3210.3336,223.3340,356.7037,2109.6015,7.4452,134.3146,1.0000,0
6.0000,8080.0000,3809.4465,11.0000,7.0000,2121.4752,1656.4909,192.8614,236.6416,991.7362,4.7251,211.6359,1.0000,0
6.0000,23.0000,9627.1371,42.0000,29.0000,4791.0000,3223.0000,94.5501,65.3366,1305.4662,17.6757,733.2572,23.0000,1
17.0000,53.0000,4146.7040,10.0000,11.0000,2257.7970,360.7467,225.7797,32.7952,631.4759,5.0643,197.4621,0.0000,0
17.0000,443.0000,792.6263,13.0000,7.0000,2318.3996,2498.1695,178.3384,356.8814,6076.7214,25.2326,39.6313,0.0000,0
6.0000,23.0000,7021.5193,86.0000,49.0000,9512.0000,3059.0000,196.0732,58.3595,4354.4270,6.7121,187.9289,19.0000,1
6.0000,4444.0000,114224.2760,24.0000,18.0000,4231.0000,656.0000,147.6556,88.0001,481.4027,1.2638,4749.4991,5.0000,1
17.0000,8080.0000,8224.5545,9.0000,9.0000,1588.9146,2624.3083,176.5461,291.5898,512.2737,2.1886,456.9197,1.0000,0
6.0000,80.0000,1832.7287,527.0000,4.0000,167158.0000,234.0000,42.7986,0.0000,268062.9520,22723.6835,0.0566,1483.0000,1
6.0000,22.0000,28786.1969,84.0000,83.0000,5007.0000,1245.0000,91.5157,72.4652,238.0784,2.0004,959.5168,31.0000,1
6.0000,53.0000,37369.6253,10.0000,18.0000,1594.0000,1378.0000,198.2324,59.5693,351.7314,0.8776,6588.8693,1.0000,1
6.0000,8443.0000,8672.3791,431.0000,17.0000,338595.0000,1591.0000,890.1508,45.0445,123027.3226,179.5933,97.2830,3.0000,1
17.0000,53.0000,2910.7208,10.0000,4.0000,3119.6189,1236.6960,311.9619,309.1740,1496.6447,4.8098,207.9086,0.0000,0
6.0000,2323.0000,21013.1512,49.0000,75.0000,9292.0000,1218.0000,79.7091,35.4748,4392.1711,5.8911,456.0557,44.0000,1
17.0000,4444.0000,64175.1786,17.0000,23.0000,2049.0000,723.0000,51.9687,121.9669,202.0918,0.4207,9363.6388,9.0000,1
6.0000,23.0000,14519.8737,36.0000,38.0000,3294.0000,2213.0000,86.4149,69.5325,737.2589,18.4542,337.1661,12.0000,1
6.0000,22.0000,22869.2320,50.0000,78.0000,9981.0000,1651.0000,184.5311,30.6919,1667.1748,15.0816,221.5222,15.0000,1
17.0000,5353.0000,15838.3763,8.0000,6.0000,1332.9196,2515.3669,166.6149,419.2278,242.9723,0.8839,1131.3126,0.0000,0
6.0000,8080.0000,6236.4264,8.0000,5.0000,1737.4418,1745.2834,217.1802,349.0567,558.4489,2.0845,479.7251,0.0000,0
17.0000,8080.0000,3678.0153,11.0000,6.0000,1938.5926,1249.3743,176.2357,208.2291,866.7628,4.6221,216.3538,0.0000,0
6.0000,2323.0000,1271.0224,3550.0000,0.0000,130882.0000,263.0000,41.6642,0.0000,121757.5589,35073.6778,0.3125,2917.0000,1
17.0000,1883.0000,11427.9555,9.0000,9.0000,1519.7362,2700.4943,168.8596,300.0549,369.2901,1.5751,634.8864,1.0000,0
6.0000,53.0000,1541.0450,11.0000,9.0000,1863.8159,3217.9318,169.4378,357.5480,3297.5985,12.9782,77.0523,0.0000,0
6.0000,2323.0000,29871.2755,80.0000,98.0000,4719.0000,4295.0000,66.1995,55.8260,4092.7381,3.9173,112.9738,41.0000,1
6.0000,80.0000,1688.6374,3898.0000,2.0000,131871.0000,446.0000,59.0804,0.0000,391304.8005,1271.5202,0.5326,1680.0000,1
6.0000,80.0000,18.8116,12.0000,9.0000,2398.7177,2877.8958,199.8931,319.7662,280497.7958,1116.3322,0.8958,0.0000,0
17.0000,1883.0000,1123.8835,7.0000,4.0000,1407.7195,872.7742,201.1028,218.1936,2029.1193,9.7875,102.1712,1.0000,0
17.0000,1883.0000,4046.4982,9.0000,10.0000,2209.4844,3689.4613,245.4983,368.9461,1457.7903,4.6954,212.9736,1.0000,0
6.0000,2323.0000,20472.1023,63.0000,62.0000,2587.0000,4988.0000,57.5789,85.4054,1947.6885,16.8317,310.4104,12.0000,1
17.0000,80.0000,78350.4336,28.0000,27.0000,2339.0000,382.0000,98.1222,67.2306,43.3454,0.6453,3040.7040,2.0000,1
6.0000,80.0000,841.3739,2296.0000,1.0000,187413.0000,210.0000,54.9428,0.0000,207685.7238,41399.0178,0.9794,2338.0000,1
6.0000,2323.0000,241.0392,2875.0000,2.0000,101547.0000,184.0000,41.3257,0.0000,217782.3581,42485.4623,0.7410,2073.0000,1
6.0000,2323.0000,849.0017,1575.0000,4.0000,57279.0000,275.0000,48.7622,0.0000,248602.9977,49959.9460,0.9822,2321.0000,1
17.0000,53.0000,579.8001,4.0000,11.0000,865.2969,3494.5781,216.3242,317.6889,7519.6174,25.8710,38.6533,0.0000,0
17.0000,53.0000,7749.2780,11.0000,9.0000,2515.7048,2254.6001,228.7004,250.5111,615.5805,2.5809,387.4639,0.0000,0
17.0000,443.0000,73883.7978,21.0000,9.0000,2817.0000,1942.0000,89.4475,138.5961,412.7962,0.5271,5479.8975,3.0000,1
17.0000,1883.0000,2143.3402,16.0000,5.0000,3318.9641,1203.6417,207.4353,240.7283,2110.0738,9.7978,102.0638,0.0000,0
17.0000,8888.0000,83151.8069,22.0000,13.0000,3577.0000,852.0000,92.5826,89.2855,173.4092,1.7501,5460.8847,4.0000,1
6.0000,53.0000,688.5006,15.0000,8.0000,2486.5354,2477.8733,165.7690,309.7342,7210.4641,33.4059,29.9348,1.0000,0
6.0000,22.0000,23870.4900,42.0000,47.0000,8584.0000,2416.0000,76.5510,53.9487,321.0321,3.9221,832.7054,32.0000,1
17.0000,1883.0000,8945.6042,10.0000,4.0000,1874.9874,857.5505,187.4987,214.3876,305.4615,1.5650,638.9717,1.0000,0
6.0000,443.0000,5025.0898,92.0000,16.0000,353830.0000,4555.0000,858.7603,66.2862,110150.6255,21.2567,97.2183,3.0000,1
17.0000,443.0000,4761.9254,13.0000,7.0000,3431.5679,246.4674,263.9668,35.2096,772.3841,4.2000,238.0963,0.0000,0
6.0000,2323.0000,311.7191,4681.0000,0.0000,193461.0000,396.0000,40.3514,0.0000,157645.6275,17298.0946,0.2494,1484.0000,1
6.0000,4444.0000,79232.0091,15.0000,29.0000,1280.0000,978.0000,138.6704,78.5891,96.3625,0.6114,3694.8793,4.0000,1
17.0000,53.0000,1929.5716,15.0000,7.0000,2145.0812,3732.5483,143.0054,533.2212,3046.0800,11.4015,87.7078,0.0000,0
6.0000,23.0000,11446.5695,51.0000,31.0000,2497.0000,2325.0000,172.2619,24.0828,144.8186,4.6388,151.5288,33.0000,1
17.0000,8888.0000,96175.2799,28.0000,19.0000,4550.0000,546.0000,63.6310,52.8580,212.8093,0.4288,5901.8534,9.0000,1
6.0000,443.0000,9744.2834,173.0000,15.0000,205570.0000,8112.0000,770.2937,69.4995,58758.9733,191.4084,39.1071,3.0000,1
17.0000,80.0000,3891.8852,11.0000,5.0000,2025.4203,2736.8600,184.1291,547.3720,1223.6436,4.1111,243.2428,1.0000,0
6.0000,2323.0000,1316.9954,2221.0000,3.0000,115082.0000,354.0000,53.3102,0.0000,56770.6658,2057.2890,0.0768,305.0000,1
6.0000,80.0000,3275.2936,166.0000,25.0000,96134.0000,4897.0000,851.5710,74.5589,154694.8879,163.1100,32.3339,1.0000,1
6.0000,2323.0000,25068.4084,21.0000,26.0000,3823.0000,1646.0000,171.6327,28.3872,1240.1820,7.0357,416.1728,48.0000,1
17.0000,53.0000,689.3352,17.0000,4.0000,3229.1595,1559.1719,189.9506,389.7930,6946.3036,30.4641,32.8255,1.0000,0
6.0000,534.0000,8505.3642,145.0000,34.0000,16013.0000,3281.0000,55.0499,31.3624,26184.7163,452.7262,37.9029,465.0000,1
17.0000,5353.0000,3736.0057,10.0000,8.0000,1396.6164,1016.3564,139.6616,127.0445,645.8697,4.8180,207.5559,1.0000,0
6.0000,22.0000,25248.4811,38.0000,56.0000,5801.0000,3901.0000,164.7728,22.7327,4514.0113,9.6513,578.2291,39.0000,1
17.0000,1883.0000,360.5343,12.0000,6.0000,1907.2651,1707.2667,158.9388,284.5445,10025.4869,49.9259,20.0297,1.0000,0
17.0000,5353.0000,432.9620,7.0000,13.0000,1246.4760,2511.5519,178.0680,193.1963,8679.8102,46.1934,21.6481,0.0000,0
6.0000,80.0000,590.6024,1394.0000,3.0000,164477.0000,39.0000,52.6262,0.0000,211090.3611,23764.2222,0.8025,2491.0000,1
17.0000,80.0000,1317.5022,16.0000,4.0000,3015.4480,930.3103,188.4655,232.5776,2994.8780,15.1802,65.8751,0.0000,0
17.0000,53.0000,76.3346,12.0000,6.0000,3117.4076,3201.9765,259.7840,533.6627,82785.3328,235.8040,4.2408,0.0000,0
6.0000,8080.0000,1017.9862,11.0000,9.0000,2798.6007,4590.2569,254.4182,510.0285,7258.3085,19.6466,50.8993,0.0000,0
6.0000,5353.0000,2252.5445,8.0000,8.0000,2210.5906,3624.2894,276.3238,453.0362,2590.3506,7.1031,140.7840,0.0000,0
6.0000,443.0000,7935.6771,9.0000,5.0000,663.3076,1456.7167,73.7008,291.3433,267.1510,1.7642,566.8341,1.0000,0
17.0000,443.0000,5355.2158,11.0000,6.0000,2558.1407,1906.1315,232.5582,317.6886,833.6307,3.1745,315.0127,0.0000,0
17.0000,80.0000,1075.8298,9.0000,8.0000,1120.7038,1531.5569,124.5226,191.4446,2465.3163,15.8018,63.2841,0.0000,0
6.0000,1883.0000,756.5984,12.0000,8.0000,2827.9288,2700.2191,235.6607,337.5274,7306.5817,26.4341,37.8299,0.0000,0
17.0000,443.0000,2001.2187,11.0000,9.0000,2464.8478,3335.2498,224.0771,370.5833,2898.2827,9.9939,100.0609,0.0000,0
17.0000,8080.0000,950.9229,13.0000,4.0000,2780.5968,1358.5072,213.8921,339.6268,4352.7228,17.8774,55.9366,1.0000,0
17.0000,8888.0000,89465.6650,16.0000,24.0000,4443.0000,1880.0000,81.1143,148.2885,84.6248,0.6083,7191.2563,6.0000,1
6.0000,443.0000,11565.0486,7.0000,12.0000,1486.9053,3266.7108,212.4150,272.2259,411.0330,1.6429,608.6868,0.0000,0
6.0000,53.0000,483.0213,14.0000,10.0000,2684.0639,4171.5911,191.7188,417.1591,14193.2764,49.6872,20.1259,0.0000,0
6.0000,53.0000,1307.8199,14.0000,8.0000,3159.3059,2659.8960,225.6647,332.4870,4449.5438,16.8219,59.4464,1.0000,0
6.0000,8080.0000,9474.1659,8.0000,6.0000,1620.6404,1592.2521,202.5801,265.3754,339.1214,1.4777,676.7261,1.0000,0
17.0000,53.0000,69034.0501,14.0000,25.0000,1716.0000,969.0000,91.2966,67.0593,445.5253,1.4443,5415.4833,9.0000,1
17.0000,443.0000,53464.1278,9.0000,17.0000,2335.0000,1747.0000,82.7810,120.7910,498.5881,0.6837,2384.3038,4.0000,1
6.0000,8080.0000,810.3182,2796.0000,4.0000,20907.0000,468.0000,43.7809,0.0000,453226.2874,15142.9442,0.1133,4944.0000,1
6.0000,171.0000,7489.4600,140.0000,39.0000,36922.0000,2524.0000,51.7465,33.8441,49404.3468,492.0374,20.5686,812.0000,1
6.0000,8080.0000,2841.8973,6.0000,8.0000,1467.6733,3085.9030,244.6122,385.7379,1602.3015,4.9263,202.9927,0.0000,0
6.0000,443.0000,42789.3484,6.0000,23.0000,1122.0000,1006.0000,173.5148,135.3063,206.9041,0.8948,2039.6874,3.0000,1
17.0000,5353.0000,4849.5930,8.0000,13.0000,1169.8740,1659.4216,146.2342,127.6478,583.4089,4.3303,230.9330,1.0000,0
17.0000,1883.0000,355.1398,2.0000,8.0000,364.3431,2892.5722,182.1716,361.5715,9170.7983,28.1579,35.5140,0.0000,0
6.0000,8443.0000,7820.6213,232.0000,27.0000,126953.0000,1677.0000,842.6616,81.4332,107677.6113,25.0574,86.4930,4.0000,1
6.0000,22.0000,20250.6971,23.0000,68.0000,9234.0000,2695.0000,64.9937,41.4874,3273.1339,1.0660,445.8125,29.0000,1
6.0000,2323.0000,618.3887,2589.0000,4.0000,120543.0000,230.0000,43.7587,0.0000,71555.0758,21401.5011,0.9292,708.0000,1
6.0000,1020.0000,2086.4969,375.0000,10.0000,5308.0000,4122.0000,48.2188,24.6680,4977.2261,484.3913,32.7320,519.0000,1
17.0000,443.0000,881.0128,5.0000,5.0000,948.5208,2013.8195,189.7042,402.7639,3362.4259,11.3506,88.1013,0.0000,0
6.0000,80.0000,1186.6506,10.0000,7.0000,2653.9081,1352.1741,265.3908,193.1677,3375.9578,14.3260,69.8030,0.0000,0
6.0000,80.0000,5338.5792,339.0000,18.0000,339566.0000,7159.0000,1080.7244,60.5641,131171.1555,54.4016,70.4854,1.0000,1
6.0000,2323.0000,684.6941,4825.0000,3.0000,98594.0000,350.0000,53.8422,0.0000,210108.1470,34705.0439,0.8897,3423.0000,1
17.0000,80.0000,4092.9259,6.0000,10.0000,1540.4988,1607.0191,256.7498,160.7019,769.0141,3.9092,255.8079,0.0000,0
6.0000,8443.0000,4840.3072,208.0000,13.0000,329346.0000,2538.0000,909.5894,61.9220,18252.7620,30.2884,45.5088,1.0000,1
17.0000,80.0000,104649.5131,9.0000,16.0000,1215.0000,1661.0000,91.5417,85.0420,460.5794,1.8876,8596.9427,9.0000,1
6.0000,222.0000,3795.4773,607.0000,7.0000,34791.0000,4389.0000,40.8195,30.2339,27891.3631,164.6242,43.0231,654.0000,1
6.0000,457.0000,3728.8326,157.0000,34.0000,25533.0000,2309.0000,51.5180,8.8540,45310.5673,101.0165,12.1130,366.0000,1
6.0000,8443.0000,7208.4587,289.0000,16.0000,326563.0000,3589.0000,987.1311,84.3582,80520.0784,190.7028,44.1299,3.0000,1
6.0000,443.0000,7516.4242,8.0000,6.0000,1334.1922,1332.9612,166.7740,222.1602,354.8434,1.8626,536.8874,0.0000,0
6.0000,8080.0000,1814.0940,3124.0000,0.0000,169122.0000,395.0000,44.6117,0.0000,448981.8854,9586.9111,0.9223,1631.0000,1
6.0000,672.0000,8170.5883,971.0000,25.0000,42121.0000,2294.0000,55.0177,4.8786,2757.7674,314.1785,13.5079,173.0000,1
17.0000,80.0000,8750.8742,12.0000,9.0000,3300.6009,3245.7961,275.0501,360.6440,748.0849,2.3998,416.7083,0.0000,0
6.0000,924.0000,5869.7210,371.0000,11.0000,47902.0000,4531.0000,40.7225,55.1117,25682.4375,62.4664,3.1496,643.0000,1
17.0000,53.0000,11964.0411,13.0000,4.0000,2214.5050,1197.4183,170.3465,299.3546,285.1815,1.4209,703.7671,0.0000,0
6.0000,8080.0000,863.2335,2978.0000,4.0000,28091.0000,479.0000,52.4685,0.0000,132517.1112,46932.8735,0.5107,902.0000,1
6.0000,443.0000,6940.9956,18.0000,10.0000,3211.2115,218.0271,178.4006,21.8027,494.0557,4.0340,247.8927,1.0000,0
17.0000,8080.0000,1926.6870,12.0000,7.0000,1870.5026,2613.6979,155.8752,373.3854,2327.4151,9.8615,101.4046,0.0000,0
6.0000,22.0000,19282.0887,65.0000,95.0000,1544.0000,3515.0000,148.5075,45.8555,1029.9864,16.9640,314.7966,25.0000,1
6.0000,53.0000,2536.5850,12.0000,10.0000,2367.6532,5101.9729,197.3044,510.1973,2944.7568,8.6731,115.2993,0.0000,0
6.0000,53.0000,100155.2902,12.0000,9.0000,842.0000,908.0000,75.4772,74.8081,434.2407,1.7028,8653.3213,6.0000,1
17.0000,53.0000,5432.8928,8.0000,8.0000,2019.2109,2077.8414,252.4014,259.7302,754.1198,2.9450,339.5558,0.0000,0
6.0000,80.0000,24245.7925,12.0000,9.0000,1277.1647,4190.7030,106.4304,465.6337,225.5182,0.8661,1154.5615,1.0000,0
17.0000,8888.0000,99586.4180,9.0000,21.0000,3657.0000,670.0000,73.6580,125.8550,208.9154,1.7256,4210.1559,7.0000,1
6.0000,23.0000,21454.7884,87.0000,67.0000,9237.0000,2626.0000,81.4508,43.1838,4020.8985,17.9983,458.9041,39.0000,1
6.0000,1883.0000,1489.7007,10.0000,15.0000,1077.2060,3755.7974,107.7206,250.3865,3244.2782,16.7819,59.5880,0.0000,0
17.0000,8080.0000,5808.4695,6.0000,8.0000,1004.6665,3266.6657,167.4444,408.3332,735.3628,2.4103,414.8907,1.0000,0
6.0000,133.0000,3326.1300,127.0000,34.0000,13250.0000,193.0000,49.2274,1.4848,37158.0101,442.8837,3.9123,623.0000,1
6.0000,557.0000,3785.4614,983.0000,16.0000,32985.0000,161.0000,59.7191,5.1627,47818.9809,465.0477,10.5609,461.0000,1
17.0000,80.0000,67121.4925,11.0000,24.0000,2628.0000,937.0000,172.4017,83.6013,432.3370,0.8631,2148.2013,8.0000,1
17.0000,443.0000,79614.1655,11.0000,12.0000,1384.0000,1911.0000,159.2255,127.7694,401.1428,1.8936,5316.8105,2.0000,1
6.0000,5353.0000,288.6241,9.0000,5.0000,1561.5008,2312.8256,173.5001,462.5651,13423.4338,48.5060,20.6160,1.0000,0
6.0000,443.0000,16953.7093,12.0000,10.0000,2552.6520,3134.1531,212.7210,313.4153,335.4313,1.2977,770.6232,0.0000,0
6.0000,5353.0000,3533.9298,8.0000,6.0000,1773.6279,1638.3432,221.7035,273.0572,965.4892,3.9616,252.4236,0.0000,0
6.0000,80.0000,1250.7351,3438.0000,1.0000,149935.0000,486.0000,40.5584,0.0000,213164.2703,31377.0765,0.4490,4273.0000,1
6.0000,23.0000,21137.6275,26.0000,60.0000,4786.0000,3765.0000,194.4140,45.9435,1563.9681,9.8545,253.3797,29.0000,1
17.0000,8080.0000,9696.2867,13.0000,10.0000,2407.9872,2438.0781,185.2298,243.8078,499.7857,2.3720,421.5777,0.0000,0
17.0000,53.0000,17288.1188,9.0000,8.0000,2221.3806,1883.4542,246.8201,235.4318,237.4368,0.9833,1016.9482,1.0000,0
6.0000,23.0000,5420.5451,79.0000,38.0000,1599.0000,4571.0000,90.8240,99.7569,4413.6454,13.3495,514.3474,40.0000,1
6.0000,23.0000,24288.2659,42.0000,81.0000,7174.0000,2838.0000,177.7957,60.5733,1065.3190,5.6344,900.5545,17.0000,1
17.0000,443.0000,5232.9544,10.0000,8.0000,1909.9076,2838.6045,190.9908,354.8256,907.4247,3.4397,290.7197,0.0000,0
6.0000,199.0000,3765.9683,364.0000,13.0000,9411.0000,3834.0000,56.6046,7.3833,34212.2332,452.6587,22.9222,676.0000,1
6.0000,8080.0000,232.7775,4.0000,8.0000,1085.8575,2499.6483,271.4644,312.4560,15403.1485,51.5514,19.3981,1.0000,0
6.0000,8443.0000,7690.9273,60.0000,16.0000,267569.0000,5271.0000,794.9401,48.3272,165997.1368,22.0186,72.0497,4.0000,1
6.0000,5353.0000,8236.2803,9.0000,7.0000,2189.5397,1877.1803,243.2822,268.1686,493.7569,1.9426,514.7675,1.0000,0
6.0000,5353.0000,4309.0362,8.0000,5.0000,1099.1260,1340.2406,137.3907,268.0481,566.1049,3.0169,331.4643,0.0000,0
6.0000,8443.0000,5678.9248,67.0000,27.0000,362191.0000,5428.0000,656.2818,86.1783,127669.4434,48.7853,85.7891,1.0000,1
6.0000,80.0000,8937.8144,10.0000,8.0000,1845.1377,2576.3065,184.5138,322.0383,494.6896,2.0139,496.5452,0.0000,0
17.0000,8080.0000,6980.9155,13.0000,10.0000,2547.1812,2140.2770,195.9370,214.0277,671.4675,3.2947,303.5181,0.0000,0
6.0000,634.0000,9121.0325,626.0000,8.0000,24577.0000,4495.0000,41.0626,52.7743,32729.6676,475.3372,45.4477,245.0000,1
17.0000,53.0000,7395.9177,14.0000,11.0000,3647.5000,4178.4834,260.5357,379.8621,1058.1491,3.3802,295.8367,0.0000,0
6.0000,80.0000,4126.3594,475.0000,20.0000,412187.0000,2507.0000,937.2350,43.2160,70745.1258,58.7960,28.0113,2.0000,1
6.0000,443.0000,66604.2828,27.0000,5.0000,2912.0000,1686.0000,102.9700,121.0272,437.0729,0.8945,9906.1870,9.0000,1
17.0000,5353.0000,1450.8173,10.0000,6.0000,1524.6504,1579.7091,152.4650,263.2848,2139.7315,11.0283,90.6761,0.0000,0
17.0000,53.0000,2197.2566,17.0000,10.0000,3004.4937,1466.6411,176.7349,146.6641,2034.8715,12.2881,81.3799,0.0000,0
17.0000,8080.0000,463.4071,4.0000,8.0000,1107.6586,3088.2962,276.9147,386.0370,9054.5763,25.8952,38.6173,0.0000,0
6.0000,30.0000,1423.2561,324.0000,13.0000,48348.0000,3974.0000,59.0271,18.2309,29048.4633,96.1236,8.3217,902.0000,1
17.0000,8080.0000,7531.0049,12.0000,11.0000,2297.1755,2720.6194,191.4313,247.3290,666.2849,3.0540,327.4350,1.0000,0
17.0000,8080.0000,2901.8273,8.0000,7.0000,1643.1569,2760.2778,205.3946,394.3254,1517.4696,5.1692,193.4552,0.0000,0
17.0000,5353.0000,19.6678,9.0000,9.0000,1638.2460,3757.9498,182.0273,417.5500,274367.3856,915.2027,1.0927,1.0000,0
17.0000,53.0000,5173.8804,7.0000,10.0000,1861.1361,3013.9727,265.8766,301.3973,942.2538,3.2857,304.3459,0.0000,0
6.0000,5353.0000,2442.9008,7.0000,5.0000,1233.7024,726.6625,176.2432,145.3325,802.4742,4.9122,203.5751,0.0000,0
6.0000,8080.0000,329.5346,769.0000,3.0000,28669.0000,498.0000,40.4728,0.0000,175687.6772,45003.7868,0.3552,171.0000,1
6.0000,80.0000,3547.1440,9.0000,9.0000,2389.4567,2490.5823,265.4952,276.7314,1375.7657,5.0745,197.0636,0.0000,0
6.0000,53.0000,78747.3590,29.0000,17.0000,1421.0000,684.0000,174.2883,136.8855,177.8655,1.6674,5653.9974,8.0000,1
6.0000,623.0000,6881.1739,148.0000,29.0000,5311.0000,4180.0000,40.5064,4.3639,40527.7865,370.2696,20.6958,598.0000,1
17.0000,1883.0000,5201.7326,15.0000,12.0000,3301.3359,3616.0228,220.0891,301.3352,1329.8182,5.1906,192.6568,0.0000,0
6.0000,2323.0000,370.9783,4568.0000,4.0000,47753.0000,177.0000,55.2048,0.0000,86925.2321,23955.4237,0.5220,1128.0000,1
6.0000,1883.0000,4854.4931,6.0000,5.0000,1122.0543,1228.3088,187.0091,245.6618,484.1624,2.2659,441.3176,0.0000,0
6.0000,4444.0000,55583.4348,22.0000,14.0000,883.0000,446.0000,125.0063,149.0460,95.6121,1.4574,6030.8141,8.0000,1
17.0000,53.0000,8426.4642,17.0000,8.0000,3007.5535,1544.3683,176.9149,193.0460,540.1936,2.9668,337.0586,1.0000,0
6.0000,80.0000,1278.3403,2239.0000,3.0000,39449.0000,362.0000,52.9993,0.0000,171168.1163,46181.7472,0.3311,852.0000,1
6.0000,1883.0000,4370.5441,9.0000,11.0000,1527.2796,1840.3984,169.6977,167.3089,770.5397,4.5761,218.5272,0.0000,0
6.0000,5353.0000,781.1629,16.0000,7.0000,5569.0332,3220.6999,348.0646,460.1000,11252.1129,29.4433,33.9636,1.0000,0
17.0000,5353.0000,20581.0086,6.0000,13.0000,1064.4020,2606.9347,177.4003,200.5334,178.3847,0.9232,1083.2110,0.0000,0
6.0000,443.0000,96272.6046,29.0000,9.0000,1739.0000,1612.0000,62.7084,146.4851,154.8125,1.6743,7103.6303,7.0000,1
17.0000,5353.0000,2120.7887,9.0000,7.0000,1676.9381,2618.5656,186.3265,374.0808,2025.4274,7.5444,132.5493,0.0000,0
6.0000,80.0000,632.8276,3139.0000,0.0000,60571.0000,113.0000,52.5522,0.0000,347786.7150,11066.0242,0.2868,4473.0000,1
6.0000,53.0000,6154.3797,9.0000,10.0000,1291.0077,3958.8452,143.4453,395.8845,853.0271,3.0872,323.9147,1.0000,0
6.0000,5353.0000,2934.6400,13.0000,7.0000,1561.9798,2378.8379,120.1523,339.8340,1342.8624,6.8151,146.7320,0.0000,0
17.0000,80.0000,2078.4599,12.0000,8.0000,2464.2699,2558.0761,205.3558,319.7595,2416.3786,9.6225,103.9230,0.0000,0
17.0000,1883.0000,450.3920,7.0000,10.0000,1444.2219,612.7003,206.3174,61.2700,4566.9596,37.7449,26.4936,1.0000,0
6.0000,23.0000,27778.8747,67.0000,41.0000,3533.0000,2381.0000,155.2633,32.4983,899.8252,12.1650,473.8563,15.0000,1
17.0000,4444.0000,93503.4287,16.0000,14.0000,1856.0000,1743.0000,95.3438,84.2571,462.5801,1.9026,4702.5059,8.0000,1
17.0000,5353.0000,507.3606,13.0000,12.0000,2996.0901,3467.1649,230.4685,288.9304,12738.9773,49.2746,20.2944,0.0000,0
6.0000,2323.0000,17449.8434,83.0000,42.0000,7946.0000,3153.0000,171.5076,60.6136,2460.6354,7.4146,761.9765,38.0000,1
6.0000,2323.0000,1683.4884,1334.0000,3.0000,23662.0000,1.0000,50.0843,0.0000,162414.2551,18415.3101,0.9321,652.0000,1
6.0000,480.0000,8644.3630,675.0000,7.0000,15816.0000,3547.0000,45.8426,37.0953,41522.0536,454.6087,33.8884,840.0000,1
17.0000,443.0000,21793.4885,5.0000,10.0000,1355.1726,2867.4057,271.0345,286.7406,193.7541,0.6883,1452.8992,0.0000,0
6.0000,443.0000,413.2589,8.0000,5.0000,2095.7247,1252.7501,261.9656,250.5500,8102.6077,31.4573,31.7891,1.0000,0
6.0000,443.0000,50367.0131,16.0000,19.0000,3819.0000,1383.0000,68.8785,59.0927,159.3062,1.4211,8664.9228,1.0000,1
6.0000,2323.0000,25570.0103,61.0000,24.0000,2130.0000,4164.0000,129.5211,50.4132,4598.1952,15.1947,314.7080,44.0000,1
6.0000,80.0000,8367.8494,14.0000,9.0000,2994.6049,1739.9129,213.9003,193.3237,565.7986,2.7486,363.8195,0.0000,0
6.0000,5353.0000,2616.1702,5.0000,5.0000,1342.4081,1317.4957,268.4816,263.4991,1016.7167,3.8224,261.6170,0.0000,0
6.0000,443.0000,72484.7768,29.0000,5.0000,730.0000,1654.0000,181.5453,126.1834,239.9959,1.3396,4086.1198,8.0000,1
17.0000,443.0000,3384.3170,8.0000,6.0000,2307.1527,1796.7137,288.3941,299.4523,1212.6129,4.1367,241.7369,1.0000,0
6.0000,22.0000,17254.0427,62.0000,63.0000,8908.0000,2390.0000,71.6048,25.2766,4896.0923,16.0605,226.5749,48.0000,1
6.0000,8080.0000,1925.0968,1827.0000,2.0000,63998.0000,349.0000,44.0024,0.0000,148331.8712,27338.0135,0.4343,309.0000,1
17.0000,5353.0000,1650.1470,9.0000,11.0000,1873.5323,1381.6387,208.1703,125.6035,1972.6551,12.1201,82.5074,0.0000,0
6.0000,443.0000,8467.1245,92.0000,9.0000,126440.0000,9037.0000,680.2703,63.0348,24805.1957,173.3204,8.1635,3.0000,1
17.0000,80.0000,82083.0204,22.0000,15.0000,2728.0000,1401.0000,189.0207,80.7550,192.2126,1.7195,6076.7481,2.0000,1
6.0000,8080.0000,1560.7281,7.0000,5.0000,1185.4251,2299.0760,169.3464,459.8152,2232.6125,7.6887,130.0607,0.0000,0
6.0000,23.0000,13526.1578,81.0000,24.0000,4659.0000,3756.0000,162.8594,80.8617,3317.6452,15.4387,574.4093,16.0000,1
6.0000,443.0000,6653.9221,279.0000,17.0000,72894.0000,2741.0000,929.7035,93.1767,75610.1824,72.1152,32.9143,4.0000,1
6.0000,5353.0000,6644.8226,6.0000,12.0000,1216.0565,822.0233,202.6761,68.5019,306.7170,2.7089,369.1568,1.0000,0
6.0000,443.0000,2189.9774,156.0000,6.0000,361634.0000,4183.0000,780.7203,73.1478,156750.8353,52.4722,78.0554,2.0000,1
17.0000,5353.0000,16.5653,7.0000,10.0000,1666.2006,2975.2565,238.0287,297.5257,280191.6552,1026.2420,0.9744,0.0000,0
6.0000,8080.0000,566.0830,2894.0000,1.0000,145856.0000,382.0000,59.2647,0.0000,275230.6507,1955.2624,0.5081,1730.0000,1
17.0000,1883.0000,118.9126,7.0000,6.0000,694.9382,1386.8605,99.2769,231.1434,17506.9611,109.3240,9.1471,0.0000,0
17.0000,1883.0000,5524.0842,6.0000,5.0000,1628.7614,2312.2030,271.4602,462.4406,713.4150,1.9913,502.1895,0.0000,0
17.0000,5353.0000,374.0342,8.0000,6.0000,2356.1032,759.1853,294.5129,126.5309,8328.8865,37.4297,26.7167,0.0000,0
6.0000,8443.0000,2692.8272,377.0000,22.0000,370843.0000,7719.0000,1273.0009,81.4823,40147.6603,79.0592,20.1806,1.0000,1
6.0000,8443.0000,3022.3472,407.0000,23.0000,196697.0000,4140.0000,605.4649,92.8669,176811.6897,37.6011,35.1685,1.0000,1
6.0000,80.0000,112128.8506,15.0000,13.0000,1804.0000,1011.0000,89.2860,135.4668,320.7456,1.1230,8640.3314,3.0000,1
6.0000,443.0000,9824.3018,487.0000,20.0000,276976.0000,8784.0000,1262.8731,41.5604,156595.0863,157.0756,50.6774,1.0000,1
6.0000,443.0000,3370.7881,9.0000,14.0000,2151.6419,4641.2648,239.0713,331.5189,2015.2281,6.8233,146.5560,0.0000,0
6.0000,8080.0000,2440.7399,9.0000,7.0000,2334.4639,451.5788,259.3849,64.5113,1141.4747,6.5554,152.5462,0.0000,0
6.0000,2323.0000,1432.2691,4893.0000,3.0000,98950.0000,218.0000,43.0900,0.0000,85746.4005,8969.3843,0.7474,3314.0000,1
6.0000,1883.0000,5031.5159,13.0000,7.0000,2857.0195,1796.4717,219.7707,256.6388,924.8686,3.9749,251.5758,0.0000,0
6.0000,8888.0000,113352.1578,29.0000,14.0000,1623.0000,1083.0000,165.1170,117.6811,157.9899,1.1121,2549.8415,9.0000,1
6.0000,175.0000,8559.7154,283.0000,9.0000,46625.0000,3197.0000,59.0087,24.4871,1204.7952,367.1179,48.9124,677.0000,1
6.0000,1883.0000,6608.9813,8.0000,10.0000,1452.3527,4287.9001,181.5441,428.7900,868.5533,2.7236,367.1656,0.0000,0
6.0000,80.0000,8193.9035,10.0000,7.0000,1211.3482,2720.2254,121.1348,388.6036,479.8169,2.0747,481.9943,1.0000,0
6.0000,80.0000,9596.7061,218.0000,26.0000,490168.0000,8437.0000,600.9215,92.9137,185253.1798,104.5199,26.6742,3.0000,1
17.0000,8080.0000,2513.6195,9.0000,10.0000,1955.2233,1678.9125,217.2470,167.8913,1445.7780,7.5588,132.2958,0.0000,0
6.0000,443.0000,3109.7087,8.0000,9.0000,927.1076,3045.4583,115.8884,338.3843,1277.4720,5.4668,182.9240,0.0000,0
6.0000,80.0000,843.9831,569.0000,3.0000,128330.0000,380.0000,51.5300,0.0000,141184.3634,24255.6093,0.9964,1581.0000,1
6.0000,5353.0000,2399.9485,10.0000,9.0000,2538.3232,1725.7841,253.8323,191.7538,1776.7495,7.9168,126.3131,0.0000,0
6.0000,2323.0000,1253.9613,4275.0000,4.0000,61602.0000,201.0000,51.6708,0.0000,283416.5572,24230.0876,0.4922,657.0000,1
6.0000,443.0000,59223.2141,24.0000,27.0000,3350.0000,1125.0000,104.8823,99.4268,353.1068,0.1484,3547.2796,2.0000,1
6.0000,95.0000,8155.3907,498.0000,37.0000,18938.0000,4060.0000,48.3352,42.6261,2135.5537,106.2275,18.1384,408.0000,1
17.0000,5353.0000,6467.4607,12.0000,8.0000,2977.5833,1474.1718,248.1319,184.2715,688.3312,3.0924,323.3730,1.0000,0
17.0000,443.0000,591.0998,16.0000,11.0000,1987.6983,3574.0728,124.2311,324.9157,9409.1911,45.6776,21.8926,0.0000,0
17.0000,1883.0000,3099.8865,14.0000,5.0000,2221.0578,1028.9489,158.6470,205.7898,1048.4276,6.1293,163.1519,1.0000,0
6.0000,2323.0000,22761.4073,51.0000,69.0000,5980.0000,3089.0000,145.7977,77.6597,1521.2866,16.4810,616.0805,15.0000,1
17.0000,1883.0000,1752.6968,15.0000,10.0000,4018.6085,1259.7308,267.9072,125.9731,3011.5530,14.2637,70.1079,0.0000,0
6.0000,8080.0000,3769.5590,12.0000,4.0000,2680.6746,1092.6981,223.3895,273.1745,1001.0117,4.2445,235.5974,0.0000,0
6.0000,207.0000,5620.8630,741.0000,32.0000,5584.0000,2544.0000,59.9282,6.3584,23651.5820,428.6948,36.9663,351.0000,1
6.0000,8888.0000,57448.9038,25.0000,18.0000,4815.0000,213.0000,88.6747,130.3732,117.5281,1.9355,3283.1089,4.0000,1
6.0000,2323.0000,24666.9238,29.0000,99.0000,7079.0000,3198.0000,135.0924,79.3446,2100.9226,10.7717,115.4394,19.0000,1
6.0000,8888.0000,101016.7618,17.0000,27.0000,4887.0000,353.0000,166.6003,119.9372,161.5289,1.0873,2341.3957,6.0000,1
6.0000,23.0000,6080.6820,67.0000,32.0000,7917.0000,3053.0000,144.0695,81.3652,4551.6135,4.3749,173.5103,34.0000,1
6.0000,443.0000,106602.6319,13.0000,10.0000,4985.0000,1987.0000,74.6390,126.7896,465.0466,1.9842,3856.4684,9.0000,1
6.0000,516.0000,3951.4192,273.0000,20.0000,21652.0000,1456.0000,45.9323,16.8638,24262.5087,455.2179,26.8147,591.0000,1
6.0000,443.0000,7766.4827,11.0000,7.0000,2548.6644,1315.5150,231.6968,187.9307,497.5456,2.3177,431.4713,1.0000,0
6.0000,8443.0000,1546.8708,466.0000,21.0000,386625.0000,2576.0000,533.0993,66.3655,184341.8880,87.0702,47.0946,1.0000,1
17.0000,1883.0000,1270.2301,5.0000,6.0000,772.4447,795.1468,154.4889,132.5245,1234.1005,8.6598,115.4755,1.0000,0
6.0000,5353.0000,465.8975,9.0000,9.0000,1978.1657,2444.6940,219.7962,271.6327,9493.2040,38.6351,25.8832,0.0000,0
17.0000,80.0000,51076.1635,21.0000,26.0000,2418.0000,767.0000,102.1536,99.6544,491.0619,0.3632,2346.8533,9.0000,1
6.0000,80.0000,303.2132,14.0000,8.0000,4272.7950,799.5756,305.1996,99.9469,16728.7273,72.5562,13.7824,1.0000,0
6.0000,80.0000,338.0197,534.0000,0.0000,178844.0000,207.0000,45.7048,0.0000,212701.8569,47881.1562,0.9145,3858.0000,1
6.0000,268.0000,9338.3941,151.0000,46.0000,41309.0000,3083.0000,41.3707,13.2529,49274.8307,380.2432,42.5423,468.0000,1
6.0000,23.0000,25771.8412,24.0000,70.0000,2160.0000,2436.0000,106.1099,62.5100,1349.9413,11.8473,583.3685,44.0000,1
6.0000,1883.0000,626.4510,10.0000,9.0000,1582.1577,2725.1665,158.2158,302.7963,6875.7559,30.3296,32.9711,0.0000,0
6.0000,80.0000,8766.7032,455.0000,21.0000,82261.0000,4019.0000,750.7766,52.0489,38116.2027,195.7568,95.9923,3.0000,1
6.0000,8443.0000,4480.6909,485.0000,6.0000,147857.0000,1213.0000,1156.0505,87.6606,183968.2585,103.5689,79.0062,1.0000,1
6.0000,80.0000,1400.9026,3192.0000,3.0000,38279.0000,360.0000,57.5421,0.0000,260296.0954,5423.2463,0.7320,3119.0000,1
17.0000,1883.0000,1607.5500,16.0000,4.0000,2304.0124,1569.9899,144.0008,392.4975,2409.8798,12.4413,80.3775,0.0000,0
6.0000,80.0000,1254.2800,4195.0000,4.0000,179201.0000,68.0000,53.1646,0.0000,179875.7505,28824.5890,0.9325,2310.0000,1
17.0000,8080.0000,4236.4201,9.0000,4.0000,2504.5346,707.5027,278.2816,176.8757,758.1961,3.0686,325.8785,0.0000,0
6.0000,1883.0000,3887.7166,6.0000,5.0000,1212.9457,1584.9798,202.1576,316.9960,719.6835,2.8294,353.4288,0.0000,0
17.0000,5353.0000,7435.4051,7.0000,8.0000,1254.8417,2432.9050,179.2631,304.1131,495.9712,2.0174,495.6937,0.0000,0
6.0000,22.0000,19782.9152,77.0000,74.0000,8653.0000,2777.0000,127.7027,82.5815,1124.4902,16.3136,223.8315,26.0000,1
17.0000,8080.0000,911.5917,17.0000,10.0000,3224.2600,3394.3344,189.6624,339.4334,7260.4815,29.6185,33.7627,1.0000,0
6.0000,8888.0000,66664.6010,13.0000,21.0000,1371.0000,1704.0000,51.2775,148.4466,82.0284,0.2360,2811.9592,2.0000,1
6.0000,80.0000,4197.8133,8.0000,10.0000,1739.6122,2281.7843,217.4515,228.1784,957.9741,4.2879,233.2118,0.0000,0
6.0000,8080.0000,1490.2673,3021.0000,1.0000,156192.0000,37.0000,42.6100,0.0000,146154.6479,1757.7372,0.5734,2122.0000,1
17.0000,80.0000,1840.8000,9.0000,7.0000,2090.5094,2720.2128,232.2788,388.6018,2613.3867,8.6919,115.0500,0.0000,0
6.0000,80.0000,5323.8534,82.0000,21.0000,319922.0000,6389.0000,620.7243,93.6395,77409.7806,166.0248,46.8254,2.0000,1
6.0000,1883.0000,10278.3215,7.0000,11.0000,1452.6535,3348.0547,207.5219,304.3686,467.0712,1.7513,571.0179,0.0000,0
6.0000,514.0000,9672.7715,659.0000,15.0000,28849.0000,4536.0000,58.7903,34.2231,6288.7861,389.7584,20.4343,749.0000,1
6.0000,22.0000,29805.5328,36.0000,68.0000,7015.0000,4067.0000,94.0561,92.1147,4530.1578,12.2825,636.3423,14.0000,1
6.0000,443.0000,2353.8016,7.0000,12.0000,1470.2841,3387.7216,210.0406,282.3101,2063.8977,8.0720,123.8843,0.0000,0
6.0000,147.0000,2220.0768,530.0000,11.0000,49288.0000,4060.0000,45.9657,44.3324,1831.2589,174.6854,3.1583,606.0000,1
6.0000,8080.0000,1351.3070,11.0000,7.0000,2721.1373,2683.6868,247.3761,383.3838,3999.7011,13.3204,75.0726,0.0000,0
17.0000,8080.0000,3205.6423,21.0000,7.0000,4450.5768,1753.9368,211.9322,250.5624,1935.4978,8.7346,114.4872,0.0000,0
6.0000,443.0000,16282.2118,13.0000,8.0000,2568.4113,1039.5997,197.5701,129.9500,221.5922,1.2898,775.3434,0.0000,0
6.0000,1883.0000,13654.3246,11.0000,5.0000,2269.2792,1679.1642,206.2981,335.8328,289.1716,1.1718,853.3953,0.0000,0
6.0000,8443.0000,6471.5424,344.0000,5.0000,441552.0000,9913.0000,861.1018,85.4473,129557.6593,101.2013,48.6836,3.0000,1
17.0000,1883.0000,2458.4626,6.0000,5.0000,680.5266,2727.9859,113.4211,545.5972,1386.4406,4.4743,223.4966,0.0000,0
6.0000,80.0000,5750.8749,317.0000,12.0000,144285.0000,5643.0000,594.4429,45.7117,166016.9069,169.6950,84.3393,2.0000,1
6.0000,8080.0000,839.6666,10.0000,6.0000,2088.8628,2851.7713,208.8863,475.2952,5884.0425,19.0552,52.4792,0.0000,0
6.0000,2323.0000,1203.7264,4593.0000,0.0000,148958.0000,326.0000,48.9893,0.0000,316084.8465,46681.0422,0.7901,3901.0000,1
6.0000,53.0000,2263.8816,9.0000,12.0000,1895.9976,2507.1513,210.6664,208.9293,1944.9554,9.2761,107.8039,1.0000,0
6.0000,8080.0000,3467.5332,9.0000,4.0000,1604.4506,772.9335,178.2723,193.2334,685.6125,3.7491,266.7333,1.0000,0
6.0000,53.0000,1934.1089,12.0000,7.0000,2052.1255,1911.4750,171.0105,273.0679,2049.3162,9.8236,101.7952,0.0000,0
6.0000,80.0000,31092.7255,12.0000,19.0000,2632.0000,1148.0000,139.6054,106.2670,341.8033,0.7710,5303.2843,6.0000,1
17.0000,443.0000,1865.1464,13.0000,7.0000,3712.8520,1755.0634,285.6040,250.7233,2931.6280,10.7230,93.2573,0.0000,0
6.0000,8080.0000,1430.7914,3115.0000,4.0000,117350.0000,15.0000,59.2225,0.0000,463062.7874,24526.8127,0.5079,2385.0000,1
17.0000,53.0000,4205.9763,13.0000,13.0000,2306.5891,6384.7875,177.4299,491.1375,2066.4350,6.1817,161.7683,1.0000,0
17.0000,8888.0000,50652.6749,16.0000,5.0000,2188.0000,618.0000,72.3921,86.3983,465.9754,0.9470,2191.5271,4.0000,1
6.0000,80.0000,8303.6215,401.0000,15.0000,325267.0000,2146.0000,1087.5702,79.1713,197367.8365,143.1349,16.9310,3.0000,1
6.0000,694.0000,9612.1533,107.0000,17.0000,12436.0000,4199.0000,57.4469,29.5589,2491.7413,392.0656,10.4842,774.0000,1
17.0000,5353.0000,5364.8035,7.0000,14.0000,1614.5163,4771.7027,230.6452,340.8359,1190.3920,3.9144,255.4668,1.0000,0
6.0000,1883.0000,25468.7438,10.0000,5.0000,2277.3415,741.4349,227.7342,148.2870,118.5287,0.5890,1697.9163,0.0000,0
17.0000,53.0000,10376.7987,7.0000,3.0000,1437.3619,632.0568,205.3374,210.6856,199.4275,0.9637,1037.6799,0.0000,0
17.0000,1883.0000,2052.5749,7.0000,7.0000,1594.1090,1247.1972,227.7299,178.1710,1384.2643,6.8207,146.6125,1.0000,0
17.0000,80.0000,112851.1094,29.0000,15.0000,1117.0000,1101.0000,132.7044,95.2592,29.5226,1.1056,2369.4898,4.0000,1
17.0000,80.0000,7471.7526,15.0000,12.0000,2813.0779,3907.5355,187.5385,325.6280,899.4695,3.6136,276.7316,0.0000,0
6.0000,8080.0000,1128.9684,4864.0000,0.0000,129204.0000,263.0000,56.5289,0.0000,180635.1302,23213.7968,0.8976,1221.0000,1
17.0000,53.0000,8346.9451,12.0000,9.0000,1932.1913,4727.0702,161.0159,525.2300,797.8082,2.5159,397.4736,0.0000,0
17.0000,443.0000,1366.3349,18.0000,5.0000,4494.1641,1299.3946,249.6758,259.8789,4240.2187,16.8334,59.4059,0.0000,0
6.0000,8443.0000,7481.5080,497.0000,25.0000,351700.0000,3310.0000,717.6157,41.2878,54421.0423,142.0819,47.4090,3.0000,1
6.0000,443.0000,7002.8020,152.0000,14.0000,228855.0000,8553.0000,962.2781,93.6275,11909.1920,110.1481,47.4504,1.0000,1
17.0000,53.0000,859.7146,8.0000,3.0000,1754.2244,253.0681,219.2780,84.3560,2334.8360,12.7949,78.1559,1.0000,0
6.0000,8080.0000,938.4003,513.0000,0.0000,145666.0000,153.0000,48.0121,0.0000,488141.4240,40484.5885,0.1740,3900.0000,1
6.0000,712.0000,1527.0434,255.0000,16.0000,49789.0000,858.0000,42.5187,19.4699,27921.6624,417.9242,42.0763,224.0000,1
6.0000,443.0000,8908.8241,130.0000,17.0000,159230.0000,3126.0000,880.1160,58.7605,100244.9060,48.7102,22.9086,1.0000,1
17.0000,8080.0000,15123.9112,14.0000,11.0000,3118.1173,2751.6677,222.7227,250.1516,388.1129,1.6530,604.9564,0.0000,0
6.0000,443.0000,6418.1329,496.0000,24.0000,281172.0000,8390.0000,675.1323,43.8903,95801.4663,184.1642,46.8595,1.0000,1
6.0000,23.0000,12238.9114,46.0000,99.0000,1732.0000,3672.0000,191.9509,76.8438,2166.0620,17.6315,411.8544,35.0000,1
17.0000,443.0000,353.7124,10.0000,8.0000,1499.2889,2024.7853,149.9289,253.0982,9963.1055,50.8888,19.6507,0.0000,0
6.0000,22.0000,22750.2095,61.0000,82.0000,9952.0000,2223.0000,138.5751,43.7034,1825.6228,9.4411,855.1594,18.0000,1
17.0000,53.0000,36948.7062,26.0000,27.0000,1736.0000,1837.0000,198.2135,132.4016,488.3217,1.2016,5953.3700,8.0000,1
6.0000,53.0000,5576.5978,10.0000,11.0000,2190.6776,4034.9599,219.0678,366.8145,1116.3863,3.7657,265.5523,1.0000,0
17.0000,53.0000,4255.2229,6.0000,12.0000,1562.4072,2747.2147,260.4012,228.9346,1012.7841,4.2301,236.4013,1.0000,0
6.0000,2323.0000,216.8326,1497.0000,3.0000,125520.0000,381.0000,41.0418,0.0000,230532.7142,3722.6202,0.3256,4399.0000,1
17.0000,80.0000,18700.2809,9.0000,2.0000,1057.4905,293.6225,117.4989,146.8112,72.2509,0.5882,1700.0255,0.0000,0
6.0000,10.0000,6628.9330,973.0000,12.0000,9922.0000,2115.0000,57.6548,14.4871,24079.0330,120.3476,43.9605,514.0000,1
17.0000,53.0000,2080.4568,8.0000,6.0000,823.4408,1619.0708,102.9301,269.8451,1174.0266,6.7293,148.6041,0.0000,0
6.0000,8080.0000,391.9600,969.0000,2.0000,184369.0000,495.0000,41.4127,0.0000,336777.1963,30457.5559,0.7281,3781.0000,1
6.0000,2323.0000,16523.9349,96.0000,69.0000,8204.0000,1926.0000,134.6085,84.0311,1398.4005,19.3904,308.3890,40.0000,1
6.0000,8080.0000,1950.7544,773.0000,0.0000,176151.0000,2.0000,43.0757,0.0000,439435.7307,2167.8598,0.5808,151.0000,1
6.0000,53.0000,4832.1850,8.0000,7.0000,1406.7271,1890.4319,175.8409,270.0617,682.3330,3.1042,322.1457,0.0000,0
6.0000,4444.0000,68462.2032,8.0000,15.0000,1350.0000,777.0000,189.5401,131.4966,217.1846,0.5242,7854.8151,6.0000,1
6.0000,53.0000,1563.5747,13.0000,6.0000,2836.9457,1679.7560,218.2266,279.9593,2888.7021,12.1516,82.2934,0.0000,0
6.0000,23.0000,8691.1335,33.0000,67.0000,3287.0000,2191.0000,50.7700,63.6111,169.1803,7.9471,192.3817,33.0000,1
6.0000,781.0000,1401.8630,524.0000,27.0000,7512.0000,3874.0000,41.8753,50.1017,26654.3738,497.2661,11.6395,503.0000,1
17.0000,8080.0000,2220.7478,12.0000,8.0000,2186.8452,2278.2399,182.2371,284.7800,2010.6224,9.0060,111.0374,0.0000,0
17.0000,5353.0000,608.2166,12.0000,3.0000,1468.4894,1305.1840,122.3741,435.0613,4560.3381,24.6623,40.5478,1.0000,0
6.0000,53.0000,10630.6699,11.0000,3.0000,1885.1197,1292.7312,171.3745,430.9104,298.9323,1.3169,759.3336,0.0000,0
6.0000,80.0000,1900.0777,8.0000,13.0000,1485.0675,4720.5081,185.6334,363.1160,3265.9589,11.0522,90.4799,0.0000,0
17.0000,53.0000,1204.0912,3.0000,11.0000,622.3785,1568.9931,207.4595,142.6357,1819.9382,11.6270,86.0065,0.0000,0
17.0000,53.0000,13153.9793,5.0000,9.0000,906.1111,3358.1750,181.2222,373.1306,324.1822,1.0643,939.5699,0.0000,0
6.0000,8080.0000,1668.6732,9.0000,8.0000,2053.3499,3092.7015,228.1500,386.5877,3083.9180,10.1877,98.1572,0.0000,0
6.0000,8443.0000,2966.0906,420.0000,26.0000,316056.0000,9038.0000,603.7087,77.4264,137172.1064,186.6265,63.4463,1.0000,1
6.0000,8443.0000,7279.1854,78.0000,29.0000,120751.0000,4497.0000,919.0885,92.5666,149150.6238,64.7755,35.5123,3.0000,1
6.0000,8443.0000,9297.2434,155.0000,24.0000,396618.0000,3692.0000,1139.5724,41.9561,15892.2481,180.3775,24.8892,1.0000,1
6.0000,8080.0000,531.1424,4371.0000,1.0000,88720.0000,54.0000,44.5869,0.0000,230845.4872,39056.7694,0.6673,1889.0000,1
6.0000,5353.0000,3378.5381,7.0000,9.0000,1190.5446,4161.9774,170.0778,462.4419,1584.2716,4.7358,211.1586,0.0000,0
6.0000,2323.0000,12052.0006,59.0000,58.0000,4134.0000,1752.0000,155.2442,37.5714,4742.1546,13.9785,620.8528,47.0000,1
6.0000,1883.0000,359.8229,5.0000,9.0000,774.2341,2648.4478,154.8468,294.2720,9512.1283,38.9080,25.7016,0.0000,0
17.0000,8080.0000,713.2008,11.0000,7.0000,2557.9234,2326.9404,232.5385,332.4201,6849.2125,25.2383,39.6223,0.0000,0
17.0000,5353.0000,438.5271,9.0000,11.0000,1802.5168,2652.3155,200.2796,241.1196,10158.6259,45.6072,21.9264,1.0000,0
6.0000,23.0000,16283.7896,22.0000,61.0000,9874.0000,1037.0000,178.6474,83.7528,1996.8385,17.4437,850.4954,38.0000,1
6.0000,8080.0000,1722.9160,1114.0000,3.0000,102345.0000,406.0000,56.4154,0.0000,174587.0822,11384.0649,0.2130,2936.0000,1
6.0000,23.0000,11033.0167,96.0000,35.0000,9311.0000,3352.0000,165.2586,29.3275,119.2255,4.1045,733.0510,24.0000,1
6.0000,443.0000,3143.5810,5.0000,4.0000,1504.3904,1409.0736,300.8781,352.2684,926.7978,2.8630,349.2868,0.0000,0
17.0000,8080.0000,2804.2563,14.0000,5.0000,3210.8346,2169.2461,229.3453,433.8492,1918.5410,6.7754,147.5924,1.0000,0
17.0000,8080.0000,5093.1696,9.0000,12.0000,1636.8895,2422.9127,181.8766,201.9094,797.1072,4.1232,242.5319,1.0000,0
17.0000,443.0000,614.9782,17.0000,5.0000,4426.5629,1639.6541,260.3861,327.9308,9864.1177,35.7736,27.9536,1.0000,0
6.0000,80.0000,2868.7059,9.0000,4.0000,1374.8443,1334.0375,152.7605,333.5094,944.2870,4.5317,220.6697,0.0000,0
6.0000,5353.0000,3712.1156,11.0000,5.0000,1591.0190,1703.9490,144.6381,340.7898,887.6254,4.3102,232.0072,0.0000,0
6.0000,80.0000,544.1860,7.0000,12.0000,1395.6808,4514.5678,199.3830,376.2140,10860.7139,34.9145,28.6414,0.0000,0
6.0000,786.0000,2999.5541,544.0000,35.0000,28975.0000,3216.0000,48.0289,22.9557,38890.9082,277.9842,34.6876,894.0000,1
17.0000,1883.0000,1847.9282,15.0000,11.0000,2321.1854,2249.4302,154.7457,204.4937,2473.3729,14.0698,71.0742,0.0000,0
6.0000,443.0000,149.3273,10.0000,7.0000,1228.9355,3533.1788,122.8936,504.7398,31890.4362,113.8438,8.7840,0.0000,0
6.0000,443.0000,711.8790,7.0000,11.0000,1209.5324,2073.8883,172.7903,188.5353,4612.3296,25.2852,39.5488,0.0000,0
17.0000,80.0000,7078.6704,5.0000,4.0000,1415.3423,622.4460,283.0685,155.6115,287.8773,1.2714,786.5189,1.0000,0
6.0000,474.0000,1688.7050,486.0000,20.0000,13586.0000,4154.0000,40.9434,33.3153,47924.1489,488.3233,22.6339,634.0000,1
17.0000,443.0000,5496.4945,10.0000,9.0000,1384.6450,2374.3969,138.4645,263.8219,683.8980,3.4567,289.2892,0.0000,0
17.0000,8080.0000,4016.2153,9.0000,4.0000,2202.0375,1374.9868,244.6708,343.7467,890.6456,3.2369,308.9396,0.0000,0
6.0000,443.0000,104916.8935,10.0000,16.0000,1616.0000,737.0000,80.5146,69.5609,398.8842,1.9712,8934.8787,5.0000,1
6.0000,53.0000,1423.9151,8.0000,9.0000,1873.2033,2321.6139,234.1504,257.9571,2945.9742,11.9389,83.7597,0.0000,0
6.0000,2323.0000,15123.9899,30.0000,95.0000,7472.0000,1697.0000,151.8016,73.0761,886.3226,12.5616,928.3589,27.0000,1
17.0000,8080.0000,7736.7506,7.0000,6.0000,1482.3284,1397.6228,211.7612,232.9371,372.2430,1.6803,595.1347,0.0000,0
6.0000,385.0000,8746.0652,104.0000,29.0000,37214.0000,1893.0000,51.0889,47.4557,14301.1891,133.0788,28.7440,686.0000,1
6.0000,8443.0000,4874.4154,227.0000,19.0000,335109.0000,9164.0000,1398.8023,55.7512,62537.0008,168.7521,10.1932,3.0000,1
17.0000,53.0000,89254.7442,18.0000,12.0000,650.0000,1578.0000,112.1852,79.3816,180.5112,1.6929,3409.1540,6.0000,1
6.0000,443.0000,2198.1908,422.0000,12.0000,77541.0000,4850.0000,762.2555,43.3355,93366.9245,16.2140,13.0344,4.0000,1
6.0000,80.0000,4032.4951,194.0000,8.0000,299772.0000,8579.0000,509.8710,83.5629,12427.0046,90.1818,43.1116,1.0000,1
6.0000,157.0000,8707.8904,436.0000,15.0000,44828.0000,3390.0000,54.6487,2.1932,45804.4696,408.1693,12.5757,642.0000,1
6.0000,80.0000,8573.2170,387.0000,6.0000,220732.0000,4370.0000,1305.3649,53.7895,104239.0054,184.8089,10.8426,3.0000,1
6.0000,80.0000,6148.4719,299.0000,23.0000,462325.0000,6914.0000,1264.2388,78.1289,109882.4772,188.9583,67.1740,3.0000,1
17.0000,8080.0000,6214.0881,8.0000,5.0000,1330.8685,864.7809,166.3586,172.9562,353.3341,2.0920,478.0068,1.0000,0
17.0000,1883.0000,9131.9030,3.0000,12.0000,289.4793,3422.6285,96.4931,285.2190,406.4988,1.6426,608.7935,1.0000,0
6.0000,443.0000,100004.7377,7.0000,19.0000,1492.0000,1980.0000,105.1790,129.2444,295.1222,1.6362,3451.4637,4.0000,1
17.0000,443.0000,12300.4600,8.0000,9.0000,1486.5877,646.1934,185.8235,71.7993,173.3904,1.3821,723.5565,1.0000,0
6.0000,5353.0000,8796.2343,11.0000,10.0000,2742.2095,2563.0600,249.2918,256.3060,603.1296,2.3874,418.8683,1.0000,0
6.0000,825.0000,9859.3587,562.0000,49.0000,10100.0000,2718.0000,47.4576,27.7296,14141.4456,307.8602,49.2466,258.0000,1
17.0000,443.0000,251.7841,10.0000,11.0000,1498.2469,3526.3832,149.8247,320.5803,19956.1076,83.4048,11.9897,1.0000,0
17.0000,53.0000,9779.1491,12.0000,9.0000,2158.9113,2870.5910,179.9093,318.9546,514.3088,2.1474,465.6738,0.0000,0
6.0000,1883.0000,2086.3763,9.0000,7.0000,1958.5311,2590.7754,217.6146,370.1108,2180.4823,7.6688,130.3985,0.0000,0
6.0000,2323.0000,5289.6449,44.0000,98.0000,3687.0000,1262.0000,63.3275,92.8843,4847.8815,19.9104,121.7804,45.0000,1
6.0000,80.0000,2548.8234,407.0000,7.0000,113351.0000,1264.0000,1017.4977,58.3169,80685.7182,116.8953,38.5919,1.0000,1
6.0000,23.0000,7065.1118,52.0000,66.0000,5097.0000,2825.0000,124.7801,34.4898,4961.1345,2.8391,417.7507,22.0000,1
17.0000,1883.0000,1244.3120,10.0000,8.0000,2842.2994,2601.4485,284.2299,325.1811,4374.9058,14.4658,69.1284,1.0000,0
6.0000,2323.0000,18224.9187,87.0000,37.0000,2123.0000,2719.0000,83.5608,63.1057,4198.8947,5.5828,954.1091,24.0000,1
6.0000,2323.0000,21731.8178,44.0000,44.0000,7366.0000,3374.0000,188.2422,73.9647,2402.4425,9.4996,214.9712,41.0000,1
17.0000,80.0000,8716.5093,12.0000,4.0000,2140.8640,1398.8278,178.4053,349.7070,406.0905,1.8356,544.7818,1.0000,0
6.0000,443.0000,4162.0328,10.0000,5.0000,2469.5463,1866.6391,246.9546,373.3278,1041.8431,3.6040,277.4689,0.0000,0
6.0000,2323.0000,725.9457,3190.0000,0.0000,180373.0000,417.0000,43.8676,0.0000,290798.3195,26766.5953,0.5866,3917.0000,1
17.0000,53.0000,219.9809,7.0000,16.0000,2185.5695,8451.7613,312.2242,528.2351,48355.6964,104.5545,9.5644,1.0000,0
17.0000,443.0000,210.8719,10.0000,8.0000,2425.1766,2367.9375,242.5177,295.9922,22729.9778,85.3599,11.7151,1.0000,0
6.0000,310.0000,9641.1527,294.0000,44.0000,5795.0000,1747.0000,44.7385,45.5971,36877.6945,412.3139,22.3807,387.0000,1
6.0000,223.0000,1987.4027,356.0000,41.0000,11774.0000,2869.0000,42.2638,21.5893,4107.5342,267.8517,9.2334,211.0000,1
17.0000,8080.0000,3193.4779,9.0000,5.0000,2666.4856,730.2391,296.2762,146.0478,1063.6443,4.3839,228.1056,0.0000,0
17.0000,4444.0000,49036.6732,15.0000,6.0000,2602.0000,1908.0000,126.9851,113.6456,112.9304,1.4352,3191.1516,8.0000,1
6.0000,23.0000,9122.8090,51.0000,34.0000,2314.0000,3892.0000,52.0650,65.0276,3867.6954,10.5892,360.3443,35.0000,1
6.0000,8080.0000,9478.8286,9.0000,4.0000,1073.5639,1024.0450,119.2849,256.0112,221.2941,1.3715,729.1407,0.0000,0
6.0000,2323.0000,1584.5429,1109.0000,4.0000,141481.0000,8.0000,56.8791,0.0000,318194.4310,30935.5780,0.4534,1198.0000,1
17.0000,80.0000,2422.0920,12.0000,10.0000,2750.8097,2563.4282,229.2341,256.3428,2194.0694,9.0831,110.0951,1.0000,0
6.0000,50.0000,8303.5230,982.0000,26.0000,7368.0000,278.0000,51.0649,20.9369,22109.2960,353.4688,29.4823,823.0000,1
6.0000,123.0000,5348.5663,782.0000,41.0000,22406.0000,3428.0000,45.7645,11.8936,46577.0092,308.1674,28.6490,631.0000,1
6.0000,53.0000,309.6746,9.0000,5.0000,1919.3416,2113.6738,213.2602,422.7348,13023.3967,45.2087,22.1196,0.0000,0
6.0000,391.0000,9293.7388,898.0000,9.0000,34138.0000,2607.0000,46.0725,44.4265,40307.1980,230.5859,20.6398,987.0000,1
6.0000,53.0000,32920.8152,5.0000,13.0000,4297.0000,962.0000,145.2226,121.8161,380.9572,0.6887,6108.0577,9.0000,1
17.0000,5353.0000,9109.9105,14.0000,10.0000,2001.7616,2740.5178,142.9830,274.0518,520.5627,2.6345,379.5796,0.0000,0
6.0000,8443.0000,8050.8962,204.0000,24.0000,332850.0000,1233.0000,636.7663,87.9365,47851.1728,47.0422,92.6015,3.0000,1
6.0000,443.0000,12502.3654,13.0000,5.0000,1371.6697,710.3841,105.5131,142.0768,166.5328,1.4397,694.5759,1.0000,0
17.0000,53.0000,106165.7842,10.0000,25.0000,2582.0000,1976.0000,187.6016,145.8954,498.2181,0.4031,5415.3510,3.0000,1
17.0000,1883.0000,3275.8946,9.0000,8.0000,1258.4977,3415.9504,139.8331,426.9938,1426.9226,5.1894,192.6997,0.0000,0
17.0000,443.0000,4779.0982,13.0000,14.0000,2425.6731,2789.1928,186.5902,199.2281,1091.1820,5.6496,177.0036,0.0000,0
17.0000,8888.0000,116809.2107,25.0000,27.0000,2010.0000,223.0000,125.3726,67.5209,408.2954,0.6051,9108.8370,6.0000,1
6.0000,80.0000,9895.0621,370.0000,22.0000,95420.0000,1606.0000,873.7449,91.5157,33037.1218,67.6553,28.1537,3.0000,1
6.0000,2323.0000,24305.7658,45.0000,99.0000,5274.0000,4611.0000,136.1872,61.3385,714.1598,9.0079,905.1972,49.0000,1
6.0000,2323.0000,10516.7544,98.0000,49.0000,3336.0000,3924.0000,60.4423,83.6921,2212.6377,11.9882,693.2402,35.0000,1
6.0000,80.0000,672.0646,1715.0000,1.0000,156892.0000,436.0000,45.3958,0.0000,51752.6373,4806.6714,0.9257,245.0000,1
6.0000,8080.0000,2803.5269,13.0000,9.0000,3191.2254,1334.7418,245.4789,148.3046,1614.3834,7.8473,127.4330,0.0000,0
6.0000,5353.0000,6149.5142,11.0000,9.0000,1461.5971,4009.4972,132.8725,445.4997,889.6791,3.2523,307.4757,0.0000,0
6.0000,2323.0000,22685.7093,67.0000,78.0000,3417.0000,1221.0000,187.6149,22.0352,2044.9565,2.7567,328.4673,37.0000,1
6.0000,80.0000,8106.6156,261.0000,12.0000,85045.0000,4853.0000,1336.5403,63.9170,173519.9094,12.7377,32.8251,2.0000,1
6.0000,891.0000,8412.8644,359.0000,14.0000,47893.0000,1554.0000,42.8208,59.1565,42986.0511,172.0425,19.5337,682.0000,1
6.0000,47.0000,3637.8864,588.0000,42.0000,24352.0000,4355.0000,42.8724,36.9942,41161.5249,176.8576,20.6076,841.0000,1
6.0000,2323.0000,1960.7386,4604.0000,0.0000,130232.0000,307.0000,57.1238,0.0000,482032.3851,34545.7331,0.6883,1788.0000,1
17.0000,5353.0000,4867.4713,6.0000,6.0000,1090.9821,2019.0682,181.8303,336.5114,638.9458,2.4653,405.6226,1.0000,0
6.0000,4444.0000,39644.1748,7.0000,12.0000,1710.0000,231.0000,73.9405,113.5400,259.7914,0.6756,3518.9776,6.0000,1
17.0000,8080.0000,7918.1956,12.0000,12.0000,2657.2943,2599.4918,221.4412,216.6243,663.8869,3.0310,329.9248,1.0000,0
6.0000,8080.0000,702.5168,4579.0000,4.0000,28200.0000,67.0000,43.1242,0.0000,152632.8870,45148.1894,0.1848,2084.0000,1
6.0000,5353.0000,1291.6721,5.0000,12.0000,1115.6526,3006.1443,223.1305,250.5120,3191.0552,13.1612,75.9807,0.0000,0
17.0000,53.0000,2108.7587,10.0000,8.0000,1986.1879,1128.6427,198.6188,141.0803,1477.0920,8.5358,117.1533,0.0000,0
6.0000,5353.0000,3127.2624,12.0000,8.0000,1210.0467,1781.5558,100.8372,222.6945,956.6202,6.3954,156.3631,0.0000,0
17.0000,443.0000,44.4590,10.0000,5.0000,1893.0715,1804.1206,189.3071,360.8241,83159.5811,337.3895,2.9639,0.0000,0
6.0000,1883.0000,5205.0274,9.0000,11.0000,2240.7960,1685.9473,248.9773,153.2679,754.4136,3.8424,260.2514,1.0000,0
17.0000,53.0000,9054.2535,3.0000,7.0000,585.6222,2745.1978,195.2074,392.1711,367.8735,1.1045,905.4253,1.0000,0
6.0000,120.0000,3879.9314,189.0000,49.0000,41956.0000,2971.0000,41.8359,58.0353,42525.6387,85.6244,13.0871,377.0000,1
17.0000,8080.0000,381.1345,4.0000,4.0000,852.2422,888.8029,213.0606,222.2007,4568.0591,20.9900,47.6418,0.0000,0
6.0000,22.0000,9365.1157,95.0000,34.0000,6517.0000,3268.0000,81.4634,32.2194,3229.0640,12.5029,857.8802,43.0000,1
17.0000,53.0000,5159.6033,11.0000,8.0000,1430.2431,2969.4765,130.0221,371.1846,852.7244,3.6825,271.5581,1.0000,0
6.0000,619.0000,7259.0841,352.0000,31.0000,21707.0000,1979.0000,48.5545,13.5001,32875.6033,469.3189,6.5168,963.0000,1
6.0000,443.0000,2207.0448,14.0000,9.0000,2697.6717,2853.5815,192.6908,317.0646,2515.2426,10.4212,95.9585,0.0000,0
6.0000,80.0000,4067.2222,10.0000,9.0000,2305.2287,1438.8102,230.5229,159.8678,920.5396,4.6715,214.0643,0.0000,0
17.0000,80.0000,91677.9699,29.0000,18.0000,4401.0000,552.0000,148.0328,63.1075,48.4584,0.6719,9015.7605,3.0000,1
6.0000,23.0000,11626.3686,87.0000,85.0000,3628.0000,4655.0000,175.1606,91.3902,205.5859,12.1435,873.9113,34.0000,1
6.0000,8443.0000,3065.4849,162.0000,27.0000,64375.0000,8996.0000,776.8126,81.6306,121774.1642,119.7840,6.9436,2.0000,1
6.0000,80.0000,6777.8236,152.0000,20.0000,277098.0000,2796.0000,503.9182,98.4755,180681.9090,63.2907,27.7565,3.0000,1
6.0000,5353.0000,2470.8815,5.0000,8.0000,541.5493,3675.6584,108.3099,459.4573,1706.7624,5.2613,190.0678,1.0000,0
6.0000,443.0000,7840.3410,9.0000,11.0000,1595.0882,2457.8572,177.2320,223.4416,516.9348,2.5509,392.0171,1.0000,0
6.0000,187.0000,1540.4027,769.0000,11.0000,29130.0000,2231.0000,49.0062,28.1322,16628.7792,192.0582,39.9756,974.0000,1
6.0000,8443.0000,6170.0529,397.0000,19.0000,384091.0000,3466.0000,557.5121,87.4386,70579.1119,49.0132,44.3407,3.0000,1
6.0000,443.0000,8392.5432,440.0000,24.0000,306713.0000,8824.0000,1385.9069,90.0807,146050.4843,89.2365,42.1781,2.0000,1
17.0000,8080.0000,3809.5226,14.0000,4.0000,2349.4849,1387.1407,167.8203,346.7852,980.8645,4.7250,211.6401,0.0000,0
6.0000,23.0000,29025.8520,35.0000,90.0000,2706.0000,4774.0000,149.6977,86.2820,2144.4496,4.4043,822.7265,33.0000,1
17.0000,80.0000,3712.2484,10.0000,13.0000,2536.2353,6085.8135,253.6235,468.1395,2322.5948,6.1957,161.4021,0.0000,0
17.0000,8080.0000,4817.8970,14.0000,9.0000,1586.9921,2500.5349,113.3566,277.8372,848.4048,4.7739,209.4738,0.0000,0
6.0000,22.0000,8183.8325,20.0000,48.0000,1865.0000,4594.0000,140.0040,73.1384,853.2682,6.7426,969.5201,43.0000,1
6.0000,930.0000,3220.0206,643.0000,42.0000,8413.0000,73.0000,44.7944,25.0623,17380.8033,376.1759,43.3081,337.0000,1
6.0000,736.0000,3850.3000,708.0000,1.0000,29973.0000,2603.0000,42.9062,52.7792,15621.0060,174.2757,35.2552,469.0000,1
6.0000,5353.0000,6915.5339,12.0000,5.0000,1831.4908,923.3647,152.6242,184.6729,398.3576,2.4582,406.7961,0.0000,0
17.0000,5353.0000,8616.3705,5.0000,5.0000,1100.3533,1439.5360,220.0707,287.9072,294.7748,1.1606,861.6370,0.0000,0
6.0000,401.0000,6887.2555,634.0000,44.0000,5967.0000,4263.0000,41.9653,3.8157,49435.4618,75.9664,17.5255,812.0000,1
6.0000,22.0000,21464.2243,79.0000,53.0000,5001.0000,1245.0000,62.4400,82.8806,2306.9890,9.7373,761.2811,48.0000,1
6.0000,80.0000,83632.5248,5.0000,13.0000,3654.0000,1448.0000,177.0108,114.5347,135.9908,0.8532,5885.3347,4.0000,1
6.0000,53.0000,77534.8243,10.0000,8.0000,3849.0000,1213.0000,109.5153,137.7800,117.3583,1.0210,6076.6403,2.0000,1
6.0000,8080.0000,1696.0950,12.0000,8.0000,1575.5296,3012.6904,131.2941,376.5863,2705.1669,11.7918,84.8047,0.0000,0
17.0000,53.0000,8530.9582,6.0000,10.0000,1779.6649,3838.1876,296.6108,383.8188,658.5254,1.8755,533.1849,0.0000,0
17.0000,80.0000,27086.8624,10.0000,8.0000,2359.5715,2668.8794,235.9572,333.6099,185.6417,0.6645,1504.8257,1.0000,0
6.0000,2323.0000,271.8293,4683.0000,1.0000,67288.0000,230.0000,57.3331,0.0000,464249.4446,23719.4960,0.5120,442.0000,1
6.0000,53.0000,5849.8741,12.0000,11.0000,2411.6695,835.8028,200.9725,75.9821,555.1354,3.9317,254.3424,1.0000,0
6.0000,80.0000,6258.7560,168.0000,10.0000,243313.0000,5075.0000,1077.0324,45.9261,116594.7374,180.7052,82.2324,1.0000,1
17.0000,5353.0000,725.0933,13.0000,5.0000,2191.9631,1843.7267,168.6125,368.7453,5565.7524,24.8244,40.2830,0.0000,0
6.0000,22.0000,26104.8673,81.0000,43.0000,6499.0000,4644.0000,81.3198,92.4708,4922.6126,17.9664,221.2960,21.0000,1
6.0000,2323.0000,606.2619,4001.0000,3.0000,112523.0000,125.0000,55.5651,0.0000,187328.0146,23293.5639,0.8516,4469.0000,1
6.0000,443.0000,1030.4897,144.0000,18.0000,372863.0000,9310.0000,1393.3135,65.6247,129482.1854,121.6992,37.3660,4.0000,1
6.0000,23.0000,12321.5623,52.0000,60.0000,2980.0000,1762.0000,148.7955,48.2927,437.4159,17.2168,706.6745,30.0000,1
6.0000,8080.0000,14703.5684,12.0000,4.0000,2838.5015,1184.3357,236.5418,296.0839,273.5960,1.0882,918.9730,0.0000,0
17.0000,5353.0000,417.3323,10.0000,12.0000,2498.5448,2405.5344,249.8545,200.4612,11751.0164,52.7158,18.9697,0.0000,0
6.0000,417.0000,7731.6544,923.0000,48.0000,39655.0000,4451.0000,51.5100,21.8167,19779.6290,164.9665,47.6774,677.0000,1
6.0000,838.0000,5478.7444,596.0000,13.0000,47900.0000,3365.0000,41.1678,11.2604,1130.5937,317.1824,25.7193,450.0000,1
17.0000,4444.0000,90884.3316,11.0000,22.0000,4131.0000,892.0000,175.3313,73.3078,358.9758,1.7019,5398.1614,2.0000,1
6.0000,295.0000,2327.5447,754.0000,3.0000,23473.0000,1124.0000,47.2104,45.7479,43490.2472,242.9470,41.0679,581.0000,1
6.0000,299.0000,7376.0271,988.0000,40.0000,4640.0000,2487.0000,45.1447,11.7070,36377.6824,64.2417,44.4727,699.0000,1
17.0000,8080.0000,3470.4112,6.0000,7.0000,1451.0762,2120.7275,241.8460,302.9611,1029.2163,3.7460,266.9547,0.0000,0
6.0000,53.0000,1080.1685,14.0000,7.0000,2667.7468,3280.5911,190.5533,468.6559,5506.8611,19.4414,51.4366,0.0000,0
6.0000,416.0000,1199.7020,849.0000,3.0000,17611.0000,1433.0000,58.8593,23.6974,22182.6340,459.3115,20.5348,449.0000,1
6.0000,1883.0000,1438.7146,9.0000,9.0000,1314.8339,3240.7377,146.0927,360.0820,3166.4179,12.5112,79.9286,0.0000,0
6.0000,8080.0000,12157.5021,8.0000,9.0000,1426.9928,4332.0155,178.3741,481.3351,473.7000,1.3983,715.1472,1.0000,0
6.0000,53.0000,1870.2228,9.0000,13.0000,2249.2862,3625.6413,249.9207,278.8955,3141.2982,11.7633,85.0101,0.0000,0
17.0000,443.0000,17115.3379,9.0000,9.0000,1814.1497,261.5304,201.5722,29.0589,121.2760,1.0517,950.8521,0.0000,0
6.0000,80.0000,6345.1101,14.0000,9.0000,1834.6427,3037.6181,131.0459,337.5131,767.8765,3.6248,275.8744,0.0000,0
17.0000,443.0000,12949.0328,8.0000,9.0000,1716.1025,3284.4818,214.5128,364.9424,386.1743,1.3128,761.7078,0.0000,0
17.0000,53.0000,2432.3306,10.0000,5.0000,2029.4367,1920.9264,202.9437,384.1853,1624.1062,6.1669,162.1554,0.0000,0
17.0000,53.0000,2022.6543,10.0000,8.0000,1915.3303,1707.6056,191.5330,213.4507,1791.1790,8.8992,112.3697,0.0000,0
17.0000,443.0000,2901.4789,6.0000,10.0000,1229.9293,2774.7822,204.9882,277.4782,1380.2311,5.5144,181.3424,1.0000,0
6.0000,188.0000,6111.2311,378.0000,23.0000,5147.0000,1881.0000,41.8765,56.2967,23569.6761,294.2178,18.9312,403.0000,1
6.0000,80.0000,44728.9447,8.0000,17.0000,4607.0000,978.0000,63.6715,80.6405,155.0019,1.4394,7504.5684,3.0000,1
17.0000,8080.0000,1818.5900,12.0000,5.0000,2940.0649,722.6973,245.0054,144.5395,2014.0670,9.3479,106.9759,0.0000,0
17.0000,1883.0000,8649.1775,6.0000,10.0000,1145.2802,1907.7558,190.8800,190.7756,352.9857,1.8499,540.5736,0.0000,0
6.0000,53.0000,1904.4367,6.0000,9.0000,1470.7726,4176.3025,245.1288,464.0336,2965.2207,7.8763,126.9624,1.0000,0
6.0000,443.0000,9397.5133,8.0000,4.0000,1678.4734,1213.8822,209.8092,303.4706,307.7788,1.2769,783.1261,1.0000,0
6.0000,80.0000,135.7534,1233.0000,2.0000,30295.0000,13.0000,44.6849,0.0000,307318.7336,21175.0534,0.2755,2381.0000,1
17.0000,5353.0000,1233.6021,5.0000,7.0000,1121.7327,1617.3531,224.3465,231.0504,2220.3965,9.7276,102.8002,1.0000,0
6.0000,746.0000,9573.1624,991.0000,12.0000,38548.0000,1395.0000,53.4662,24.5916,30294.3949,393.7978,34.2926,843.0000,1
17.0000,1883.0000,8385.1817,5.0000,10.0000,583.8000,2565.5706,116.7600,256.5571,375.5876,1.7889,559.0121,0.0000,0
6.0000,5353.0000,11988.3884,13.0000,8.0000,2069.6815,1653.2894,159.2063,206.6612,310.5481,1.7517,570.8756,0.0000,0
6.0000,23.0000,9212.4562,68.0000,22.0000,1234.0000,2543.0000,129.0643,54.2277,3186.5949,9.8019,661.8700,18.0000,1
6.0000,8080.0000,6211.6606,9.0000,5.0000,2342.1373,1497.3618,260.2375,299.4724,618.1116,2.2538,443.6900,0.0000,0
6.0000,294.0000,8995.0110,438.0000,49.0000,28068.0000,2423.0000,48.0374,26.0895,38960.3955,386.9449,41.8898,236.0000,1
6.0000,2323.0000,9779.9376,62.0000,83.0000,5782.0000,3940.0000,94.0782,58.3370,2653.1435,1.9295,296.6473,31.0000,1
6.0000,23.0000,27391.1553,34.0000,37.0000,1155.0000,2075.0000,177.9473,99.9931,3026.4378,6.9843,428.1279,42.0000,1
17.0000,8080.0000,887.8670,9.0000,11.0000,1065.6950,2364.3604,118.4106,214.9419,3863.2537,22.5259,44.3933,0.0000,0
6.0000,80.0000,8006.9274,261.0000,13.0000,151297.0000,3121.0000,699.9615,51.9472,126287.8114,142.2903,72.0782,1.0000,1
17.0000,1883.0000,4890.7680,5.0000,10.0000,1191.2025,2623.5320,238.2405,262.3532,779.9868,3.0670,326.0512,0.0000,0
6.0000,1883.0000,841.9853,8.0000,9.0000,1267.7178,2293.0086,158.4647,254.7787,4228.9653,20.1904,49.5285,0.0000,0
17.0000,5353.0000,354.2629,7.0000,5.0000,1753.8906,1745.3317,250.5558,349.0663,9877.4733,33.8731,29.5219,0.0000,0
6.0000,443.0000,8312.1964,7.0000,6.0000,1491.9603,1608.1096,213.1372,268.0183,372.9544,1.5640,639.3997,0.0000,0
17.0000,443.0000,2629.4323,11.0000,7.0000,1969.8474,1811.8774,179.0770,258.8396,1438.2286,6.8456,146.0796,0.0000,0
6.0000,80.0000,5556.7763,8.0000,5.0000,1645.1997,817.2983,205.6500,163.4597,443.1523,2.3395,427.4443,1.0000,0
6.0000,132.0000,8357.4475,861.0000,14.0000,32306.0000,674.0000,53.2765,12.0513,1644.0636,265.7981,12.2177,990.0000,1
6.0000,1883.0000,7716.6055,5.0000,10.0000,1178.7126,3022.9024,235.7425,302.2902,544.4901,1.9439,514.4404,1.0000,0
17.0000,53.0000,61056.4352,26.0000,29.0000,785.0000,201.0000,64.6434,60.9374,287.1954,0.5132,8626.9437,7.0000,1
6.0000,8443.0000,2983.0970,95.0000,6.0000,119574.0000,6631.0000,1284.2729,61.1205,90409.4679,26.1974,39.1474,2.0000,1
6.0000,8080.0000,3690.5703,4.0000,4.0000,1000.4215,959.7398,250.1054,239.9349,531.1269,2.1677,461.3213,0.0000,0
6.0000,443.0000,3755.4091,321.0000,15.0000,428693.0000,1627.0000,538.6380,77.0737,180865.0552,46.0961,75.6986,1.0000,1
17.0000,80.0000,8037.4175,7.0000,8.0000,1540.6672,3752.1823,220.0953,469.0228,658.5261,1.8663,535.8278,1.0000,0
17.0000,53.0000,935.5015,4.0000,10.0000,815.0752,3782.0595,203.7688,378.2060,4914.0858,14.9652,66.8215,1.0000,0
6.0000,8080.0000,764.5048,1790.0000,0.0000,78120.0000,380.0000,43.5546,0.0000,317060.0629,45003.4740,0.6074,2949.0000,1
17.0000,4444.0000,100085.5726,15.0000,5.0000,3769.0000,400.0000,112.6292,124.0844,171.8647,0.2916,8953.9878,2.0000,1
17.0000,1883.0000,618.8999,8.0000,10.0000,1030.9886,2335.9230,128.8736,233.5923,5440.1556,29.0839,34.3833,0.0000,0
6.0000,53.0000,101681.6783,10.0000,20.0000,3774.0000,1309.0000,126.7970,81.7041,316.7785,0.4863,9608.2563,8.0000,1
6.0000,53.0000,13988.0544,3.0000,9.0000,616.1000,1770.3690,205.3667,196.7077,170.6076,0.8579,1165.6712,1.0000,0
6.0000,4444.0000,80565.9212,7.0000,27.0000,913.0000,1567.0000,164.2280,100.6518,351.6023,0.5299,2590.1422,6.0000,1
6.0000,8443.0000,8963.4795,54.0000,13.0000,339089.0000,4246.0000,854.4749,70.1176,180635.9313,165.7839,37.9922,2.0000,1
17.0000,5353.0000,679.5132,10.0000,5.0000,2225.4052,984.4473,222.5405,196.8895,4723.7532,22.0746,45.3009,0.0000,0
6.0000,80.0000,9926.1281,385.0000,16.0000,305447.0000,8858.0000,1105.4107,55.9428,50782.9701,24.4165,94.3873,3.0000,1
6.0000,2323.0000,13711.8818,46.0000,60.0000,7520.0000,1683.0000,106.9741,64.3814,3852.7109,11.2116,723.1585,14.0000,1
6.0000,8080.0000,1855.6947,11.0000,6.0000,2171.6535,1172.0803,197.4230,195.3467,1801.8771,9.1610,109.1585,0.0000,0
6.0000,80.0000,1827.8961,4761.0000,0.0000,185767.0000,214.0000,57.0578,0.0000,171955.5877,12582.3232,0.0496,1043.0000,1
17.0000,8080.0000,388.3839,7.0000,3.0000,991.6952,564.6690,141.6707,188.2230,4007.2832,25.7477,38.8384,0.0000,0
17.0000,8080.0000,1132.2624,9.0000,6.0000,2481.2849,1736.5638,275.6983,289.4273,3725.1511,13.2478,75.4842,1.0000,0
6.0000,443.0000,5060.5908,10.0000,7.0000,1573.3931,1616.8304,157.3393,230.9758,630.4053,3.3593,297.6818,1.0000,0
6.0000,5353.0000,1097.2136,11.0000,7.0000,1986.1647,2443.1287,180.5604,349.0184,4036.8560,16.4052,60.9563,1.0000,0
17.0000,53.0000,3280.3602,8.0000,14.0000,1857.1170,3619.9039,232.1396,258.5646,1669.6401,6.7066,149.1073,1.0000,0
17.0000,53.0000,2075.5776,11.0000,11.0000,1360.8989,2933.2809,123.7181,266.6619,2068.9083,10.5995,94.3444,1.0000,0
6.0000,659.0000,4460.5822,976.0000,47.0000,40132.0000,157.0000,57.0439,38.7592,38587.0182,149.3018,24.6758,511.0000,1
6.0000,443.0000,424.7930,12.0000,7.0000,2055.0360,2318.3750,171.2530,331.1964,10295.3934,44.7277,22.3575,0.0000,0
17.0000,53.0000,1686.2715,8.0000,7.0000,1646.7336,1797.9697,205.8417,256.8528,2042.7928,8.8954,112.4181,0.0000,0
17.0000,1883.0000,8315.6179,9.0000,7.0000,1283.0177,2424.7923,142.5575,346.3989,445.8851,1.9241,519.7261,1.0000,0
6.0000,2323.0000,276.6724,4800.0000,2.0000,183308.0000,182.0000,58.7068,0.0000,222477.5709,15022.8085,0.6067,517.0000,1
6.0000,23.0000,21295.4819,80.0000,66.0000,1809.0000,4228.0000,162.5887,44.3827,3673.0578,2.5203,475.7144,10.0000,1
6.0000,53.0000,1535.3666,8.0000,7.0000,1795.2352,2924.2595,224.4044,417.7514,3073.8552,9.7697,102.3578,1.0000,0
6.0000,2323.0000,1771.4335,1335.0000,0.0000,40176.0000,267.0000,55.7264,0.0000,226362.8309,21232.0145,0.7953,3768.0000,1
6.0000,180.0000,9207.2687,246.0000,14.0000,23233.0000,4988.0000,52.8498,9.3485,39747.7838,355.4158,41.4150,798.0000,1
6.0000,8080.0000,1505.0633,4997.0000,3.0000,85098.0000,153.0000,41.7337,0.0000,279761.3298,17018.9423,0.1404,2266.0000,1
6.0000,8080.0000,1395.2269,1605.0000,2.0000,58115.0000,117.0000,59.4845,0.0000,331359.1405,38365.4934,0.3210,4269.0000,1
6.0000,964.0000,3247.5166,766.0000,22.0000,42946.0000,400.0000,56.2735,13.9543,21289.3773,382.7295,17.6693,653.0000,1
6.0000,2323.0000,29402.0956,47.0000,24.0000,2495.0000,1095.0000,145.3078,56.8062,2518.9882,4.6265,971.6112,37.0000,1
17.0000,53.0000,6504.0348,7.0000,10.0000,1992.0091,3092.2860,284.5727,309.2286,781.7140,2.6138,382.5903,0.0000,0
6.0000,80.0000,3405.6707,355.0000,20.0000,392799.0000,5773.0000,1163.4625,94.0155,32446.9135,151.9023,38.1468,3.0000,1
6.0000,8080.0000,969.2095,4208.0000,2.0000,134384.0000,329.0000,57.8655,0.0000,228632.9308,1448.4369,0.6616,3133.0000,1
6.0000,1883.0000,5177.5419,10.0000,6.0000,2461.3681,2735.3381,246.1368,455.8897,1003.7014,3.0903,323.5964,0.0000,0
6.0000,53.0000,656.5630,14.0000,10.0000,2540.9366,3347.6127,181.4955,334.7613,8968.7497,36.5540,27.3568,1.0000,0
6.0000,80.0000,1921.0621,176.0000,29.0000,218837.0000,2892.0000,1214.1333,55.4762,13215.3956,162.1159,80.6782,3.0000,1
6.0000,80.0000,1888.3593,56.0000,20.0000,265644.0000,8234.0000,1058.1749,98.9554,194876.0593,54.9711,86.8380,1.0000,1
17.0000,5353.0000,3476.4192,13.0000,6.0000,2980.7282,875.5859,229.2868,145.9310,1109.2777,5.4654,182.9694,0.0000,0
6.0000,443.0000,80709.2473,25.0000,5.0000,776.0000,919.0000,82.3594,78.3393,121.2728,1.3324,3120.0356,9.0000,1
6.0000,182.0000,4371.8542,454.0000,5.0000,19931.0000,1589.0000,58.7190,10.0746,3669.8192,182.5237,8.7139,562.0000,1
17.0000,80.0000,1008.8350,10.0000,4.0000,1691.0878,1059.9473,169.1088,264.9868,2726.9426,13.8774,72.0596,0.0000,0
17.0000,1883.0000,3285.7574,9.0000,15.0000,1764.0598,4010.7473,196.0066,267.3832,1757.5269,7.3043,136.9066,0.0000,0
17.0000,53.0000,2491.6281,10.0000,6.0000,1978.2193,2239.1396,197.8219,373.1899,1692.6117,6.4215,155.7268,0.0000,0
17.0000,1883.0000,10666.2765,9.0000,10.0000,1681.3396,4214.1466,186.8155,421.4147,552.7220,1.7813,561.3830,1.0000,0
6.0000,80.0000,345.0111,4483.0000,2.0000,29186.0000,273.0000,42.5277,0.0000,135359.0294,18326.1569,0.4840,1353.0000,1
6.0000,2323.0000,1137.5901,3420.0000,1.0000,100831.0000,130.0000,59.7322,0.0000,182315.7443,37844.5239,0.9321,3058.0000,1
6.0000,5353.0000,806.5506,13.0000,6.0000,3482.4444,1817.6225,267.8803,302.9371,6571.2765,23.5571,42.4500,1.0000,0
6.0000,80.0000,416.1195,1489.0000,2.0000,143124.0000,270.0000,52.9735,0.0000,440809.8050,37095.1200,0.4146,2105.0000,1
